X,Y,OBJECTID,LOCATION,Longtitude,Latitude,INTID
-13685762.84,6309370.051,1,"NANAIMO ST, EIGHTEENTH ST",504276.0412,5450020.043,INT738
-13687016.57,6309508.704,2,"LONDON ST, TWENTY-FIRST ST",503455.5706,5450109.938,INT720
-13685660.08,6309263.691,3,"SIXTH AVE, EIGHTEENTH ST",504343.3424,5449950.695,INT737
-13681777.12,6310963.098,4,"FIRST ST, COLLEGE CRT",506882.9047,5451062.047,INT481
-13679631.09,6314412.558,5,ROUSSEAU ST,508283.57,5453313.87,INT612
-13681055.99,6314722.743,6,"E TENTH AVE, LEE ST",507351.4337,5453514.819,INT707
-13680358.71,6314021.66,7,"E COLUMBIA ST, CEDAR ST",507808.076,5453058.26,INT519
-13681437.56,6313984.793,8,"CHURCHILL AVE, CHESTNUT ST",507102.5195,5453033.262,INT514
-13683929.36,6310881.658,9,"PRINCESS ST, EIGHTH ST",505474.8492,5451007.339,INT317
-13685279.21,6306635.185,10,"SALTER ST, WOOD ST",504594.0072,5448235.513,INT93
-13684590.69,6309303.51,11,FOURTH AVE,505043.1087,5449977.273,INT945
-13681305.96,6310485.293,12,"AGNES ST, HASTINGS ST",507191.568,5450750.723,INT699
-13684221.06,6310052.799,13,"FIFTH AVE, ELEVENTH ST",505284.5174,5450466.392,INT394
-13681265.34,6312686.911,14,CARROL ST,507216.2675,5452186.937,INT956
-13684407.94,6307997.794,15,"DUNCAN ST, BLACKLEY ST",505163.4976,5449125.333,INT86
-13680989.53,6314649.84,16,"RICHMOND ST, LEE ST",507394.9578,5453467.338,INT752
-13684162.64,6308870.448,17,RIALTO CT,505323.4885,5449694.954,INT663
-13682518.11,6310579.993,18,"THIRD AVE, FOURTH ST",506398.3975,5450811.528,INT186
-13685500.71,6310214.357,19,"EIGHTH AVE, FIFTEENTH ST",504447.13,5450571.06,INT953
-13686927.68,6309401.03,20,"DUBLIN ST, TWENTY-FIRST ST",503513.7868,5450039.718,INT781
-13683506.91,6309325.755,21,"QUEENS AVE, SHAW ST",505752.3027,5449992.482,INT403
-13681800.93,6309850.677,22,"CARNARVON ST, BLACKWOOD ST",506868.2309,5450336.262,INT469
-13684167.97,6309988.076,23,"NAPANEE ST, ELEVENTH ST",505319.2972,5450424.197,INT408
-13684841.77,6309543.496,24,"FIFTH AVE, SHARPE ST",504878.6661,5450133.715,INT272
-13682464.73,6310515.948,25,"FOURTH ST, LANCASTER ST",506433.3767,5450769.786,INT205
-13684278.02,6307852.381,26,"EWEN AVE, HOLLY AVE",505248.6152,5449030.515,INT27
-13686647.59,6305751.544,27,"SALTER ST, GIFFORD ST",503698.6657,5447658.049,INT52
-13685971.04,6306191.197,28,"SALTER ST, SPRICE ST",504141.3566,5447945.352,INT98
-13681670.06,6310831.826,29,"FIRST ST, QUEENS AVE",506953.0554,5450976.496,INT434
-13680378.33,6312896.149,30,"E COLUMBIA ST, ALBERTA ST, NELSON CR",507796.2841,5452324.2,INT345
-13683838.56,6310768.017,31,"SIXTH AVE, EIGHTH ST",505534.3305,5450933.26,INT828
-13681313.95,6313834.771,32,"CARNEGIE ST, CHERRY ST",507183.4912,5452935.53,INT619
-13684114.6,6309923.165,33,"ST. ANDREWS ST, ELEVENTH ST",505354.2621,5450381.88,INT395
-13681741.31,6309777.002,34,"CLARKSON ST, BLACKWOOD ST",506907.3033,5450288.241,INT644
-13682410.97,6310449.953,35,"FOURTH ST, ST. GEORGE ST",506468.6019,5450726.771,INT204
-13687479.09,6305457.927,36,CANIL AVE,503154.4279,5447466.041,INT12
-13687647.53,6308985.677,37,"LONDON ST, LONDON PL",503042.8848,5449768.415,INT267
-13681622.74,6310776.193,38,"VANCOUVER ST, FIRST ST, PARK ROW",506984.0627,5450940.24,INT437
-13686839.03,6309292.384,39,"EDINBURGH ST, TWENTY-FIRST ST",503571.8388,5449968.864,INT780
-13684058.84,6309855.31,40,"BELLEVILLE ST, ELEVENTH ST",505390.7897,5450337.643,INT396
-13682356.84,6310384.882,41,"LIVERPOOL ST, FOURTH ST",506504.0676,5450684.359,INT203
-13679423.35,6313037.404,42,"CAPILANO WAY, EDWORTHY WAY",508420.7997,5452417.249,INT281
-13686456.24,6308893.469,43,MEAD ST,503822.5136,5449708.732,INT975
-13680885.25,6313383.239,44,"BLAIR AVE, HOSPITAL ST",507464.2727,5452641.426,INT326
-13683686.73,6311712.758,45,"EIGHTH AVE, FIFTH ST",505633.0344,5451549.668,INT155
-13681687.77,6309702.646,46,"COLUMBIA ST, BLACKWOOD ST",506942.4,5450239.77,INT472
-13684005.72,6309790.466,47,"FOURTH AVE, ELEVENTH ST",505425.5894,5450295.368,INT299
-13686749.1,6309183.496,48,"EIGHTH AVE, TWENTY-FIRST ST",503630.7341,5449897.852,INT778
-13682298.64,6310313.23,49,"QUEENS AVE, FOURTH ST",506542.2004,5450637.657,INT185
-13680605.89,6311974.51,50,GOVERNORS CT,507648.2696,5451722.84,INT957
-13680790.16,6312158.605,51,"MINER ST, RICHMOND ST",507527.5603,5451842.758,INT505
-13687300.36,6305248.32,52,PIER PL,503271.5179,5447329.276,INT24
-13682441.34,6309328.145,53,"CARNARVON ST, BEGBIE ST",506449.5828,5449994.813,INT855
-13683952.92,6309726.063,54,"AUGUSTA ST, ELEVENTH ST",505460.178,5450253.382,INT397
-13683641.01,6310532.341,55,"FIFTH AVE, EIGHTH ST",505663.7396,5450779.636,INT714
-13685378.07,6311155.538,56,"TENTH AVE, TWELFTH ST",504526.8704,5451185.15,INT412
-13681010.24,6313491.01,57,"RICHMOND ST, SCHOOL ST",507382.4296,5452711.602,INT561
-13686658.8,6309074.787,58,"HAMILTON ST, TWENTY-FIRST ST",503689.8732,5449826.956,INT796
-13680511.76,6314105.828,59,GRIFFITHS PL,507707.8996,5453113.008,INT881
-13682920.95,6309799.359,60,"QUEENS AVE, ASH ST",506135.3954,5450301.915,INT717
-13683545.28,6312668.013,61,"TENTH AVE, SECOND ST",505724.9251,5452172.859,INT222
-13683898.92,6309660.45,62,"CORNWALL ST, ELEVENTH ST",505495.5593,5450210.606,INT398
-13682923.58,6308678.905,63,"MCINNIS OVERPASS, QUAYSIDE DR, K DE K CRT",506134.4912,5449570.806,INT657
-13681333.85,6311564.412,64,"MEMORIAL DR, ROSS DR",507172.4024,5451454.686,INT15
-13686359.82,6306528.291,65,"EWEN AVE, HIGHWAY 91A, HOWES ST",503886.6978,5448165.198,INT835
-13682380.61,6309251.691,66,"CLARKSON ST, BEGBIE ST",506489.3833,5449944.973,INT860
-13681138.12,6310244.384,67,"COLUMBIA ST, PATTULLO ON-RAMP",507301.5911,5450593.693,INT603
-13685679.44,6306962.081,68,"EWEN AVE, CAMPBELL ST",504331.849,5448448.664,INT110
-13681466.31,6310572.341,69,"ROYAL AVE, FIRST ST",507086.5798,5450807.378,INT483
-13686545.48,6305590.872,70,"SPARKS CT, GIFFORD ST, PRETTY CT",503765.5817,5447553.21,INT51
-13682162.61,6310146.062,71,FOURTH ST,506631.3393,5450528.697,INT961
-13683532.93,6310401.435,72,"EIGHTH ST, ST. ANDREWS ST",505734.5415,5450694.304,INT874
-13686591.39,6308992.275,73,TWENTY-FIRST ST,503734.0233,5449773.145,INT844
-13682225.18,6313571.89,74,"RICKMAN PL, YORK ST",506587.7266,5452763.343,INT571
-13683845.44,6309595.153,75,"OXFORD ST, ELEVENTH ST",505530.595,5450168.036,INT399
-13685274.33,6311028.906,76,"LONDON ST, TWELFTH ST",504594.8075,5451102.596,INT391
-13681029.6,6312365.234,77,"RICHMOND ST, CUMBERLAND ST",507370.7521,5451977.325,INT500
-13682821.87,6309680.526,78,"GLOUCESTER ST, ASH ST",506200.3156,5450224.452,INT718
-13683460.31,6312564.851,79,"SECOND ST, BLACKMAN ST",505780.574,5452105.63,INT217
-13683170.66,6308909.738,80,COLUMBIA ST,505972.6318,5449721.257,INT836
-13682321.21,6309177.19,81,"COLUMBIA ST, BEGBIE ST",506528.3159,5449896.407,INT454
-13679776.98,6314466.124,82,WILSON ST,508188.1072,5453348.658,INT769
-13682639.15,6312857.264,83,"SANGSTER PL, MCBRIDE BLVD",506317.5039,5452296.944,INT589
-13686364.58,6308755.2,84,TWENTY-FIRST ST,503882.5613,5449618.547,INT535
-13683442.58,6312543.101,85,"GLOVER AVE, SECOND ST",505792.1921,5452091.455,INT216
-13686161.37,6307429.852,86,BOYD ST,504016.1756,5448753.724,INT82
-13683471.2,6311450.306,87,"SEVENTH AVE, FIFTH ST",505774.2161,5451378.609,INT157
-13680360.49,6313930.139,88,"E COLUMBIA ST, MAJOR ST",507807,5452998.573,INT755
-13683792.18,6309530.494,89,"THIRD AVE, ELEVENTH ST",505565.4904,5450125.882,INT407
-13685008.08,6307390.221,90,"EWEN AVE, JOHNSTON ST",504771.0543,5448728.46,INT57
-13682100.12,6310068.89,91,"ROYAL AVE, FOURTH ST",506672.2891,5450478.396,INT677
-13685896.28,6307155.839,92,MCGILLVRAY PL,504189.8203,5448575.016,INT930
-13680777.92,6314340.305,93,"GARFIELD ST, WINTHROP ST",507533.6221,5453265.676,INT526
-13682252.07,6309092.944,94,"FRONT ST, BEGBIE ST",506573.6238,5449841.488,INT246
-13683425.5,6310271.657,95,"FOURTH AVE, EIGHTH ST",505804.9226,5450609.707,INT42
-13680994.95,6311191.388,96,"E ROYAL AVE, ROSS DR",507394.4443,5451211.639,INT16
-13683378.13,6312464.284,97,"SECOND ST, NINTH AVE",505834.4001,5452040.091,INT215
-13685170.85,6310903.011,98,"DUBLIN ST, TWELFTH ST",504662.5784,5451020.522,INT390
-13682116.59,6313437.332,99,"CHURCHILL AVE, YORK ST",506658.8563,5452675.672,INT569
-13685501.64,6307870.576,100,BOYD ST,504447.7532,5449041.686,INT892
-13682727.79,6309565.272,101,"ROYAL AVE, ASH ST",506261.9644,5450149.321,INT674
-13682036.51,6309990.781,102,"CUNNINGHAM ST, FOURTH ST",506713.9746,5450427.485,INT678
-13684929.2,6309534.005,103,"STEWARDSON WAY, FIFTH AVE",504821.4631,5450127.472,INT669
-13682497.19,6312694.127,104,"E EIGHTH AVE, MCBRIDE BLVD",506410.4848,5452190.647,INT588
-13682638.11,6312834.841,105,MCBRIDE BLVD,506318.1999,5452282.32,INT586
-13681367.58,6310435.184,106,"AGNES ST, FIRST ST",507151.2941,5450717.979,INT484
-13686481.39,6305490.012,107,"SOUTH DYKE RD, GIFFORD ST",503807.5879,5447487.398,INT101
-13683338.82,6312416.407,108,"SINCLAIR AVE, SECOND ST",505860.153,5452008.89,INT224
-13685804.84,6305930.012,109,SPRICE ST,504250.2855,5447774.945,INT99
-13682490.35,6312684.027,110,"E EIGHTH AVE, MCBRIDE BLVD",506414.9662,5452184.065,INT595
-13682224.38,6309053.594,111,"BEGBIE ST, QUAYSIDE DR",506591.7735,5449815.833,INT245
-13682909.36,6308620.428,112,K DE K CRT,506143.8382,5449532.657,INT907
-13681843.02,6310908.827,113,COLLEGE CRT,506839.8335,5451026.588,INT719
-13681983.42,6309925.705,114,"AGNES ST, FOURTH ST",506748.7637,5450385.068,INT963
-13683298,6312366.972,115,"SECOND ST, SANDRINGHAM AVE",505886.8894,5451976.673,INT223
-13682211.1,6311274.234,116,"FOURTH AVE, ARBUTUS ST",506598.7273,5451264.674,INT429
-13680078.3,6313614.752,117,"FADER ST, SHERBROOKE ST",507991.8546,5452793.155,INT544
-13682499.59,6312685.003,118,"MCBRIDE BLVD, E EIGHTH AVE, EIGHTH AVE",506408.9181,5452184.694,INT587
-13685717.84,6309190.795,119,"STEWARDSON WAY, MARINE WAY",504305.58,5449903.1,INT898
-13683317.65,6310140.335,120,"EIGHTH ST, KENNEDY ST",505875.5806,5450524.103,INT41
-13685068.51,6310778.478,121,"EDINBURGH ST, TWELFTH ST",504729.605,5450939.336,INT389
-13681929.04,6309861.762,122,"DICKENSON ST, FOURTH ST, VICTORIA ST",506784.3963,5450343.391,INT467
-13687183.85,6305057.762,123,PIER PL,503347.8759,5447204.921,INT23
-13681415.94,6312708.424,124,"HARVEY ST, FISHER ST",507117.7398,5452200.841,INT324
-13682509.16,6312685.969,125,"MCBRIDE BLVD, EIGHTH AVE",506402.6575,5452185.317,INT591
-13680928.12,6312217.931,126,"RICHMOND ST, KWANTLEN CT",507437.263,5451881.332,INT503
-13682501.73,6312676.894,127,"MCBRIDE BLVD, EIGHTH AVE",506407.5258,5452179.404,INT594
-13681668.44,6311839.239,128,GINGER DR,506953.2859,5451633.681,INT632
-13685500.19,6307843.56,129,"JOHNSTON ST, BOYD ST, FENTON ST",504448.7196,5449024.055,INT103
-13686283.2,6308630.681,130,"RIVER DR, TWENTY-FIRST ST",503935.8718,5449537.33,INT536
-13679377.63,6312898.673,131,CAPILANO WAY,508450.842,5452326.811,INT540
-13683236.88,6312292.239,132,"OVENS AVE, SECOND ST",505926.9222,5451927.97,INT225
-13684295.63,6309991.394,133,"FIFTH AVE, LOUELLEN ST",505235.7663,5450426.282,INT409
-13683290.47,6311221.119,134,"SIXTH AVE, FIFTH ST",505892.6125,5451229.224,INT455
-13683571.2,6309261.075,135,"QUEENS AVE, ELEVENTH ST",505710.274,5449950.235,INT406
-13683216.31,6312267.37,136,"SECOND ST, OSBORNE AVE",505940.3937,5451911.764,INT218
-13680761.36,6314282.805,137,"WINTHROP ST, ELMER ST",507544.5017,5453228.194,INT34
-13681875.83,6309795.5,138,"CARNARVON ST, FOURTH ST",506819.2653,5450300.201,INT645
-13679849.85,6313363.366,139,"BRUNETTE AVE, ALLEN ST",508141.5165,5452629.424,INT616
-13682106.22,6311146.23,140,ARBUTUS ST,506667.4472,5451181.252,INT431
-13684055.68,6307499.588,141,"SALTER ST, HOLLY AVE",505394.3608,5448800.413,INT28
-13681950.85,6313230.232,142,"YORK ST, JACKSON CR",506767.4256,5452540.735,INT329
-13684966.51,6310654.424,143,"EIGHTH AVE, TWELFTH ST",504796.4099,5450858.461,INT286
-13683210.08,6310009.348,144,"THIRD AVE, EIGHTH ST",505946.0587,5450438.717,INT39
-13680727.66,6314241.771,145,"MCDONALD ST, WINTHROP ST",507566.5797,5453201.465,INT33
-13680842.28,6314356.618,146,"AMESS ST, WINTHROP ST",507491.5171,5453276.256,INT690
-13681024.2,6312294.712,147,RICHMOND ST,507374.34,5451931.33,INT501
-13681811.03,6309720.049,148,"CLARKSON ST, FOURTH ST",506861.728,5450251.024,INT965
-13680361.75,6313868.724,149,"E COLUMBIA ST, WARD ST",507806.2283,5452958.52,INT756
-13683080.47,6310994.644,150,"FIFTH AVE, FIFTH ST",506030.162,5451081.628,INT194
-13683134.61,6312167.626,151,"EIGHTH AVE, SECOND ST",505993.9055,5451846.76,INT221
-13681904.7,6313172.312,152,"E EIGHTH AVE, YORK ST",506797.6558,5452502.996,INT330
-13684912.8,6310588.998,153,"KINGSTON ST, TWELFTH ST",504831.5903,5450815.807,INT287
-13687028.63,6305992.815,154,ECKERT AVE,503449.116,5447815.381,INT77
-13684034.14,6307465.412,155,HOLLY AVE,505408.4797,5448778.122,INT29
-13682319.55,6312465.459,156,MCBRIDE BLVD,506526.858,5452041.634,INT593
-13680670.28,6314169.68,157,"E EIGHTH AVE, WINTHROP ST",507604.1715,5453154.504,INT827
-13681013.1,6312270.896,158,"RICHMOND ST, SEYMOUR CRT",507381.6246,5451915.805,INT637
-13681753.6,6309650.672,159,"COLUMBIA ST, FOURTH ST",506899.3638,5450205.804,INT471
-13683471.75,6309136.066,160,"AUCKLAND ST, ELEVENTH ST",505775.4387,5449868.733,INT405
-13681011.9,6313385.101,161,"RICHMOND ST, HOSPITAL ST",507381.4384,5452642.528,INT550
-13679637.26,6314245.343,162,"ROUSSEAU ST, BRAID ST",508279.6979,5453204.82,INT611
-13680339.02,6314949.368,163,"E COLUMBIA ST, HOLMES ST",507820.0966,5453663.243,INT700
-13684858.08,6310521.997,164,"HAMILTON ST, TWELFTH ST",504867.43,5450772.127,INT411
-13680381,6312747.893,165,"E COLUMBIA ST, STRAND AVE",507794.6743,5452227.5,INT508
-13681814.39,6311945.729,166,GINGER DR,506857.7259,5451703.026,INT631
-13681152.99,6314642.931,167,"E TENTH AVE, KENT ST",507288.07,5453462.69,INT944
-13683419.52,6309072.077,168,"QUEBEC ST, ELEVENTH ST",505809.6601,5449827.014,INT404
-13687361.66,6308549.273,169,"MARINE DR, FENWICK AVE",503230.1246,5449483.748,INT581
-13681542.79,6312789.659,170,"E SIXTH AVE, LIDSTER PL",507034.6944,5452253.719,INT322
-13681692.43,6309574.064,171,"FRONT ST, FOURTH ST",506939.4545,5450155.869,INT470
-13683027.04,6312036.624,172,"DURHAM ST, SECOND ST",506064.3684,5451761.386,INT230
-13686623.01,6308925.119,173,SEVENTH AVE,503713.36,5449729.31,INT684
-13681579.38,6312823.157,174,LIDSTER PL,507010.736,5452275.536,INT498
-13683053.5,6309818.794,175,"EIGHTH ST, MILTON ST",506048.65,5450314.5,INT37
-13682723.47,6312848.986,176,CLUTE ST,506262.3557,5452291.482,INT958
-13681799.04,6313041.563,177,"E DURHAM ST, YORK ST",506866.8717,5452417.806,INT333
-13686641.11,6305577.387,178,PRETTY CT,503702.9848,5447544.364,INT806
-13682512.48,6309269.358,179,"CARNARVON ST, ALEXANDER ST",506403.0747,5449956.4,INT856
-13683365.46,6309005.57,180,"ROYAL AVE, ELEVENTH ST",505845.0845,5449783.654,INT124
-13682819.86,6312940.195,181,"MOTT CR, MCBRIDE BLVD",506199.2354,5452350.9,INT479
-13687442.07,6305255.444,182,"SALTER ST, DOCKSIDE CRT",503178.7393,5447333.872,INT26
-13678950.96,6314654.797,183,BRUNETTE AVE,508728.1143,5453472.522,INT825
-13683081.44,6310956.196,184,"FIFTH ST, FIFTH AVE",506029.5536,5451056.545,INT642
-13684751.81,6310393.028,185,"SEVENTH AVE, TWELFTH ST",504937.0367,5450688.047,INT288
-13685752.87,6306915.526,186,"EWEN AVE, MCGILLVRAY PL",504283.809,5448418.241,INT109
-13679934.71,6314518.94,187,GARRETT ST,508084.906,5453382.948,INT906
-13681306.54,6313655.612,188,"E EIGHTH AVE, CHERRY ST, DEVOY ST, SHERBROOKE ST",507188.4906,5452818.696,INT511
-13682990.27,6309741.56,189,"QUEENS AVE, EIGHTH ST",506090.0791,5450264.153,INT38
-13684088.49,6309721.614,190,"FOURTH AVE, LOUELLEN ST",505371.4754,5450250.391,INT300
-13680993.15,6314455.683,191,"RICHMOND ST, KENT ST",507392.7624,5453340.725,INT753
-13682919.52,6311906.276,192,"SEVENTH AVE, SECOND ST",506134.8002,5451676.438,INT231
-13684625.41,6308015.445,193,"DUNCAN ST, MERCER ST",505021.1567,5449136.721,INT87
-13682274.73,6309014.948,194,QUAYSIDE DR,506558.8534,5449790.576,INT244
-13682446.05,6309186.235,195,ALEXANDER ST,506446.6124,5449902.213,INT859
-13682101.41,6312199.626,196,"E SIXTH AVE, MCBRIDE BLVD, SIXTH AVE",506669.7623,5451868.41,INT597
-13681693.71,6312910.722,197,"E SEVENTH AVE, YORK ST",506935.8783,5452332.555,INT350
-13681538.78,6310511.929,198,"ROYAL AVE, WINDSOR ST",507039.2133,5450767.904,INT643
-13684724.78,6306984.76,199,SALTER ST,504956.7228,5448463.993,INT78
-13684653.78,6310273.765,200,"NANAIMO ST, TWELFTH ST",505001.2514,5450610.295,INT410
-13682392.45,6309119.17,201,COLUMBIA ST,506481.7401,5449858.492,INT819
-13682875.39,6310725.192,202,"FIFTH ST, FOURTH AVE",506164.5345,5450905.99,INT144
-13682827,6311795.507,203,"PRINCESS ST, SECOND ST",506195.4075,5451604.25,INT232
-13684240.43,6312094.04,204,"TENTH AVE, SIXTH ST",505270.5747,5451798.022,INT457
-13687256.07,6308399.131,205,"TRAPP RD, FENWICK AVE",503299.2862,5449385.811,INT845
-13681485.87,6310445.705,206,"WINDSOR ST, CUNNINGHAM ST",507073.8917,5450724.743,INT646
-13681561.5,6313885.152,207,"CHURCHILL AVE, LAUREL ST",507021.5458,5452968.177,INT557
-13680482.86,6311678.261,208,"E COLUMBIA ST, RICHMOND ST",507729.0241,5451529.706,INT636
-13686094.89,6306111.619,209,"SALTER ST, HOWES ST",504060.3195,5447893.347,INT805
-13686971.55,6305869.514,210,"BASRAN AVE, SUZUKI ST",503486.5332,5447734.918,INT928
-13685787.21,6309160.52,211,"STEWARDSON WAY, SIXTH AVE, MARINE WAY",504260.2,5449883.31,INT897
-13685417.14,6306547.188,212,"SALTER ST, CAMPBELL ST",504503.7618,5448178.001,INT95
-13684565.3,6310167.48,213,"SIXTH AVE, TWELFTH ST",505059.2061,5450541.004,INT290
-13687209.25,6308340.38,214,MARINE WAY,503329.95,5449347.49,INT976
-13681432.64,6310380.533,215,"AGNES ST, WINDSOR ST",507108.7726,5450682.268,INT967
-13683391.29,6308983.424,216,ROYAL AVE,505828.1951,5449769.186,INT125
-13686602.78,6306607.198,217,HAMPTON ST,503727.6264,5448216.592,INT911
-13685898.23,6309258.344,218,NANAIMO ST,504187.5007,5449947.086,INT887
-13682790.26,6309497.395,219,"ROYAL AVE, EIGHTH ST",506221.1372,5450104.986,INT451
-13682733.77,6311682.048,220,"SIXTH AVE, SECOND ST",506256.4849,5451530.307,INT176
-13682768.06,6310594.386,221,"FIFTH ST, BLACKFORD ST",506234.8512,5450820.731,INT212
-13681194.25,6312370.14,222,"CUMBERLAND ST, GLENBROOKE DR",507263.04,5451980.382,INT44
-13683127.75,6310948.652,223,"FIFTH AVE, FIFTH ST",505999.26,5451051.59,INT641
-13686709.65,6310056.626,224,"TENTH AVE, NINETEENTH ST",503656.1722,5450467.569,INT834
-13684557.74,6307893.911,225,"BLACKLEY ST, MERCER ST",505065.5146,5449057.447,INT92
-13683881.67,6309455.376,226,"THIRD AVE, LOUELLEN ST",505506.9783,5450076.81,INT122
-13687532.85,6308640.964,227,MARINE DR,503118.0556,5449543.517,INT582
-13681848.19,6311891.866,228,MCBRIDE BLVD,506835.6589,5451667.863,INT599
-13682636.32,6311561.104,229,"REGINA ST, SECOND ST",506320.3245,5451451.485,INT172
-13682660.41,6310463.345,230,"THIRD AVE, FIFTH ST",506305.3809,5450735.319,INT206
-13686102.68,6310558.097,231,"TENTH AVE, SIXTEENTH ST",504053.0885,5450795.02,INT694
-13680221.86,6313616.256,232,"KELLY ST, SHERBROOKE ST",507897.9613,5452794,INT761
-13682326.64,6313489.733,233,"RICKMAN PL, JACKSON CR",506521.4286,5452709.683,INT572
-13682341.53,6312383.287,234,JACK MAHONY PL,506512.5444,5451988.019,INT228
-13682671.38,6309351.2,235,"EIGHTH ST, AGNES ST",506299.0318,5450009.683,INT651
-13681417.93,6312568.711,236,"HARVEY ST, DIXON ST",507116.5517,5452109.711,INT323
-13684614.17,6307934.221,237,BEACH ST,505028.5593,5449083.72,INT797
-13682960.35,6312996.592,238,"COURTNEY CR, MCBRIDE BLVD",506107.3024,5452387.581,INT590
-13686904.16,6305753.19,239,"GALBRAITH AVE, SUZUKI ST",503530.701,5447659.013,INT74
-13684370.61,6309928.883,240,"FIFTH AVE, TWELFTH ST",505186.7415,5450385.45,INT293
-13682622,6309290.95,241,"VICTORIA ST, EIGHTH ST",506331.3914,5449970.407,INT854
-13686605.81,6309930.232,242,"LONDON ST, NINETEENTH ST",503724.1729,5450385.148,INT724
-13685088.02,6309526.17,243,MAYES ST,504717.54,5450122.27,INT22
-13682538.4,6311442.268,244,"FIFTH AVE, SECOND ST",506384.4748,5451374.038,INT423
-13687274.42,6304995.252,245,"SOUTH DYKE RD, DOCKSIDE CRT",503288.6016,5447164.077,INT25
-13685998.46,6310431.911,246,"LONDON ST, SIXTEENTH ST",504121.3422,5450712.745,INT750
-13682567.58,6309224.092,247,"CARNARVON ST, EIGHTH ST",506367.052,5449926.822,INT857
-13683052.67,6313072.344,248,"MCBRIDE BLVD, E TENTH AVE, TENTH AVE",506046.863,5452436.921,INT585
-13681818.74,6310709.826,249,"QUEENS AVE, BONSON ST",506855.8786,5450896.782,INT435
-13681586.68,6312718.398,250,"E SIXTH AVE, FISHER ST",507006.0457,5452207.203,INT497
-13687223.5,6308294.877,251,MARINE WAY,503320.64,5449317.79,INT580
-13682960.45,6312976.292,252,MCBRIDE BLVD,506107.25,5452374.34,INT584
-13682485.22,6311376.44,253,"SECOND ST, ELGIN ST",506419.3117,5451331.136,INT822
-13680900.89,6312026.233,254,MINER ST,507455.2448,5451756.314,INT506
-13684263.26,6309798.166,255,"TWELFTH ST, CAMERON ST",505257.0624,5450300.229,INT301
-13681668.7,6311674.279,256,"BLACKBERRY DR, MCBRIDE BLVD",506953.2524,5451526.075,INT600
-13680744.54,6314108.104,257,"E EIGHTH AVE, BUCHANAN AVE",507555.6607,5453114.281,INT529
-13685741.12,6309040.128,258,"RIVER DR, FIFTH AVE",504290.4242,5449804.776,INT770
-13686503.25,6309805.339,259,"DUBLIN ST, NINETEENTH ST",503791.3408,5450303.707,INT841
-13680994.58,6314359.1,260,"RICHMOND ST, WINTHROP ST",507391.9154,5453277.74,INT754
-13683408.22,6308932.107,261,"ROYAL AVE, COLUMBIA ST",505817.1504,5449735.688,INT905
-13682431.34,6311311.274,262,"ST. PATRICK ST, SECOND ST",506454.614,5451288.666,INT425
-13683829.32,6311595.764,263,"EIGHTH AVE, SIXTH ST",505539.8308,5451473.255,INT456
-13681668.6,6310543.37,264,"PARK ROW, BONSON ST",506954.2522,5450788.309,INT475
-13685895.86,6310307.207,265,"DUBLIN ST, SIXTEENTH ST",504188.5298,5450631.436,INT732
-13684457.58,6307738.116,266,"EWEN AVE, MERCER ST",505131.164,5448955.833,INT91
-13680383.82,6312609.257,267,"BRUNETTE AVE, E COLUMBIA ST, DEBECK ST",507792.9545,5452137.073,INT356
-13686506.39,6306434.286,268,"EWEN AVE, HAMPTON ST",503790.7987,5448103.772,INT909
-13682445.59,6309075.573,269,"COLUMBIA ST, EIGHTH ST",506446.9942,5449830.004,INT858
-13679780.76,6314243.46,270,"WILSON ST, BRAID ST",508185.8499,5453203.452,INT766
-13680062.57,6314527,271,FADER ST,508001.2772,5453388.082,INT768
-13681842.81,6314073.453,272,"E TENTH AVE, CHILLIWACK ST",506837.4074,5453090.746,INT560
-13686831.5,6305636.68,273,"SALTER ST, SUZUKI ST",503578.3168,5447582.988,INT916
-13682377.3,6311245.879,274,"OAKLAND ST, SECOND ST",506490.0165,5451246.048,INT427
-13681571.79,6311556.463,275,MCBRIDE BLVD,507016.7507,5451449.301,INT687
-13686491.88,6308652.588,276,"MARINE WAY, HIGHWAY 91A",503799.3,5449551.53,INT900
-13684154.76,6309666.692,277,"FOURTH AVE, TWELFTH ST",505328.1434,5450214.514,INT298
-13681270.33,6312371.185,278,"CARROL ST, CUMBERLAND ST",507213.274,5451980.998,INT43
-13686400.8,6309680.129,279,"EDINBURGH ST, NINETEENTH ST",503858.4324,5450222.057,INT843
-13681014.61,6313231.15,280,"RICHMOND ST, KEARY ST",507379.8,5452542.12,INT338
-13680341.3,6314794.34,281,"E COLUMBIA ST, NOOTKA ST",507818.75,5453562.15,INT876
-13681522.97,6311496.177,282,MCBRIDE BLVD,507048.7388,5451410.015,INT688
-13683721.12,6311463.743,283,"SIXTH ST, HAMILTON ST",505610.7078,5451387.205,INT153
-13682323.98,6311180.137,284,"SECOND ST, FOURTH AVE",506524.9519,5451203.202,INT428
-13685793.35,6310182.214,285,"EDINBURGH ST, SIXTEENTH ST",504255.6678,5450549.938,INT733
-13685152.98,6307297.78,286,"EWEN AVE, FENTON ST",504676.2649,5448668.047,INT105
-13680694.49,6312902.253,287,"ALBERTA ST, MINER ST",507589.4779,5452327.893,INT344
-13685621.68,6307765.997,288,"BOYD ST, PEMBINA ST",504369.2418,5448973.373,INT102
-13681912.82,6309635.4,289,CLARKSON ST,506795.1926,5450195.71,INT964
-13686023.19,6307043.082,290,LAWRENCE ST,504106.8024,5448501.36,INT903
-13681471.23,6311433.467,291,"MEMORIAL DR, MCBRIDE BLVD",507082.6406,5451369.15,INT14
-13680049.97,6313368.983,292,ALLEN ST,508010.6187,5452632.895,INT617
-13681243.1,6314568.393,293,"E TENTH AVE, LADNER ST",507229.2026,5453414.007,INT667
-13686789.8,6305571.875,294,"SUZUKI ST, DAN LEE AVE",503605.6458,5447540.702,INT72
-13681471.7,6311433.02,295,MEMORIAL DR,507082.3344,5451368.858,INT13
-13683219.6,6308704.067,296,"QUAYSIDE DR, RELIANCE CRT",505940.7481,5449587.014,INT658
-13686297.8,6309555.363,297,"EIGHTH AVE, NINETEENTH ST",503925.8889,5450140.697,INT889
-13686782.98,6306676.87,298,"BOYD ST, WESTMINSTER HWY",503609.6387,5448261.988,INT933
-13683196.3,6309795.64,299,BURR ST,505955.2232,5450299.291,INT868
-13685485.5,6306493.313,300,"SALTER ST, HENDRY PL",504459.0459,5448142.8,INT97
-13682158.54,6310993.775,301,"EMORY ST, SECOND ST",506633.3367,5451081.754,INT433
-13681302.25,6313496.883,302,"DEVOY ST, SCHOOL ST",507191.4313,5452715.18,INT512
-13685690.58,6310057.362,303,"EIGHTH AVE, SIXTEENTH ST",504322.9737,5450468.532,INT734
-13686618.99,6308749.161,304,MARINE WAY,503716.0673,5449614.492,INT531
-13683613.57,6311332.794,305,"SEVENTH AVE, SIXTH ST",505681.151,5451301.854,INT151
-13681398.4,6311345.199,306,"MCBRIDE BLVD, ROYAL AVE ONRAMP",507130.36,5451311.63,INT487
-13682903.62,6309494.363,307,"ONTARIO ST, BLACKIE ST",506146.9573,5450102.924,INT260
-13684019.88,6310616.277,308,"SIXTH AVE, NINTH ST",505415.795,5450834.148,INT829
-13680525.08,6314952.007,309,"COLBY ST, HOLMES ST",507698.4182,5453664.792,INT701
-13683470.74,6308942.444,310,COLUMBIA ST,505776.23,5449742.39,INT837
-13683149.87,6309739.163,311,"MILTON ST, BURR ST",505985.6444,5450262.474,INT867
-13686426.57,6306306.564,312,HAMPTON ST,503843.1068,5448020.44,INT908
-13686187.79,6309426.924,313,"HAMILTON ST, NINETEENTH ST",503997.9392,5450056.944,INT113
-13681029.33,6312088.831,314,KWANTLEN CT,507371.1694,5451797.033,INT502
-13687378.68,6309497.876,315,TWENTY-SECOND ST,503218.6237,5450102.73,INT784
-13681640.57,6313820.954,316,"CHURCHILL AVE, CHILLIWACK ST",506969.8823,5452926.245,INT559
-13683941.04,6309405.629,317,"THIRD AVE, TWELFTH ST",505468.1593,5450044.311,INT123
-13683330.17,6309910.564,318,"THIRD AVE, PEARCE ST",505867.5517,5450374.18,INT870
-13682856.29,6309431.709,319,"ROYAL AVE, BLACKIE ST",506177.9768,5450062.078,INT830
-13683520.18,6311219.07,320,"SIXTH ST, PRINCESS ST",505742.3316,5451227.729,INT150
-13680430.16,6313718.203,321,KNOX ST,507761.6235,5452860.293,INT949
-13681299.48,6311227.894,322,"MCBRIDE BLVD, PATTULLO ON-RAMP",507195.18,5451235.19,INT488
-13685583.05,6309926.012,323,"HAMILTON ST, SIXTEENTH ST",504393.4019,5450382.887,INT735
-13686728.23,6305475.616,324,"SUZUKI ST, RAMA AVE",503645.9921,5447477.891,INT71
-13682108.97,6310918.146,325,"SECOND ST, THIRD AVE",506665.83,5451032.455,INT823
-13685550.56,6311013.712,326,"TENTH AVE, THIRTEENTH ST",504414.0953,5451092.536,INT313
-13680680.43,6311722.157,327,"RICHMOND ST, JAMIESON CT",507599.7355,5451558.16,INT635
-13680744.92,6314029.354,328,"BUCHANAN AVE, CEDAR ST",507555.4813,5453062.925,INT518
-13687327.37,6309433.029,329,"NINTH AVE, TWENTY-SECOND ST",503252.2229,5450060.437,INT783
-13681159.09,6313322.841,330,ARCHER ST,507285.2162,5452601.795,INT563
-13681064.94,6314347.571,331,LADNER ST,507345.9097,5453270.161,INT516
-13684648.52,6310099.711,332,"SIXTH AVE, MCMARTIN ST",505004.7964,5450496.739,INT291
-13681515.27,6310312.062,333,AGNES ST,507054.7674,5450637.526,INT968
-13686080.58,6309296.525,334,"SEVENTH AVE, NINETEENTH ST",504068.1538,5449971.91,INT114
-13680996.03,6314275.697,335,"RICHMOND ST, LADNER ST",507391.0392,5453223.35,INT517
-13682303.48,6312224.215,336,SMOKEY SMITH PL,506537.5578,5451884.29,INT419
-13682800.3,6309360.246,337,"BLACKIE ST, MOODY ST",506214.6642,5450015.489,INT369
-13681622.66,6312659.75,338,"E SIXTH AVE, ALLISON PL",506982.56,5452168.92,INT495
-13685491.36,6310941.114,339,"THIRTEENTH ST, DOWNIE ST",504452.8666,5451045.206,INT312
-13683225.72,6309783.554,340,PEARCE ST,505935.9862,5450291.385,INT872
-13683428.41,6311107.283,341,"SIXTH AVE, SIXTH ST",505802.4436,5451154.866,INT149
-13683708.75,6309147.921,342,"QUEENS AVE, TWELFTH ST",505620.3404,5449876.308,INT725
-13687235.17,6309327.388,343,"LONDON ST, TWENTY-SECOND ST",503312.6006,5449991.542,INT788
-13681694.63,6312726.032,344,ALLISON PL,506935.4271,5452212.093,INT623
-13681517.58,6313667.668,345,"CHESTNUT ST, CHILLIWACK ST",507050.4514,5452826.38,INT558
-13683824.87,6310379.752,346,"FIFTH AVE, NINTH ST",505543.5417,5450679.962,INT849
-13682744.63,6309293.754,347,"AGNES ST, BLACKIE ST",506251.147,5449972.145,INT132
-13685475.56,6309795.766,348,"SEVENTH AVE, SIXTEENTH ST",504463.8069,5450297.963,INT736
-13685446.99,6310887.488,349,"LONDON ST, THIRTEENTH ST",504481.9191,5451010.245,INT283
-13680455.03,6313715.615,350,KNOX ST,507745.3658,5452858.583,INT948
-13686845.53,6306684.682,351,"BOYD ST, TANAKA CRT",503568.6863,5448267.061,INT932
-13685019.4,6307089.164,352,FENTON ST,504763.8179,5448531.965,INT920
-13685389.24,6306341.12,353,HENDRY PL,504522.1365,5448043.511,INT802
-13681015.8,6313153.188,354,"RICHMOND ST, SHILES ST",507379.086,5452491.271,INT339
-13682632.03,6309170.937,355,"CARNARVON ST, BLACKIE ST",506324.92,5449892.089,INT452
-13680365.9,6313618.613,356,"E COLUMBIA ST, SHERBROOKE ST",507803.748,5452795.403,INT760
-13683771.6,6310314.606,357,"NINTH ST, NAPANEE ST",505578.4371,5450637.495,INT875
-13681141.83,6311034.443,358,MCBRIDE BLVD,507298.4826,5451109.126,INT602
-13682692.42,6309230.319,359,"BLACKIE ST, VICTORIA ST",506285.354,5449930.792,INT131
-13687145.28,6309220.148,360,"DUBLIN ST, TWENTY-SECOND ST",503371.4662,5449921.603,INT782
-13686019.54,6308089.045,361,BOYNE ST,504108.684,5449183.997,INT84
-13683329.59,6310987.163,362,"SIXTH ST, BELMONT ST",505867.179,5451076.572,INT148
-13687312.81,6306025.406,363,DAWE ST,503263.0701,5447836.542,INT62
-13683607.41,6309023.134,364,"AUCKLAND ST, TWELFTH ST",505686.7395,5449794.95,INT254
-13686660.62,6305368.655,365,"SOUTH DYKE RD, SUZUKI ST",503690.3042,5447408.096,INT915
-13681953.25,6309600.318,366,"CLARKSON ST, CHURCH ST",506768.7604,5450172.787,INT728
-13686538.32,6308604.517,367,MARINE WAY,503768.93,5449520.14,INT578
-13681428.54,6313556.927,368,"E EIGHTH AVE, CHILLIWACK ST",507108.7846,5452754.232,INT564
-13683591.51,6309004.571,369,TWELFTH ST,505697.1576,5449782.848,INT255
-13685888.17,6306829.136,370,"EWEN AVE, LAWRENCE ST",504195.2924,5448361.787,INT359
-13685382.22,6309681.973,371,"NANAIMO ST, SIXTEENTH ST",504524.9457,5450223.767,INT726
-13681046.82,6310928.929,372,"E ROYAL AVE, MCBRIDE BLVD, ROYAL AVE",507360.7343,5451040.373,INT17
-13685349.04,6310768.57,373,"THIRTEENTH ST, DUBLIN ST",504546.0719,5450932.717,INT284
-13683717.67,6310249.136,374,"ST. ANDREWS ST, NINTH ST",505613.7694,5450594.816,INT848
-13681888.71,6310651.093,375,"QUEENS AVE, SECOND ST",506810.1481,5450858.408,INT436
-13682504.07,6309027.073,376,"COLUMBIA ST, BLACKIE ST",506408.7652,5449798.312,INT820
-13684453.61,6309861.071,377,"FIFTH AVE, MCMARTIN ST",505132.4742,5450341.155,INT294
-13687055.95,6309112.624,378,"EDINBURGH ST, TWENTY-SECOND ST",503429.9643,5449851.478,INT129
-13681896.48,6309529.403,379,"COLUMBIA ST, CHURCH ST",506805.9658,5450126.562,INT605
-13682517.64,6313515.4,380,"E TENTH AVE, CUMBERLAND ST",506396.4861,5452726.276,INT671
-13683664.3,6310183.636,381,"NINTH ST, BELLEVILLE ST",505648.7335,5450552.117,INT360
-13683227.28,6308623.81,382,RELIANCE CRT,505935.7752,5449534.637,INT862
-13681351.41,6310099.984,383,CLARKSON ST,507162.1589,5450499.298,INT971
-13684968.77,6311493.415,384,"TENTH AVE, TENTH ST",504794.4565,5451405.791,INT384
-13683231.04,6310867.394,385,"FIFTH AVE, SIXTH ST",505931.7416,5450998.506,INT147
-13681120.39,6310987.711,386,"PATTULLO ON-RAMP, LOOP, MCBRIDE BLVD",507312.5516,5451078.657,INT813
-13687262.2,6305952.07,387,"EWEN AVE, DAWE ST",503296.2298,5447788.691,INT63
-13685289.89,6309569.476,388,"SIXTH AVE, SIXTEENTH ST",504585.4219,5450150.415,INT727
-13680903.74,6310761.832,389,"E COLUMBIA ST, MCBRIDE BLVD, COLUMBIA ST",507454.4932,5450931.487,INT815
-13685240.15,6310636.288,390,"EDINBURGH ST, THIRTEENTH ST",504617.388,5450846.476,INT285
-13683611.29,6310118.951,391,"FOURTH AVE, NINTH ST",505683.4608,5450509.95,INT361
-13680936.36,6310793.149,392,MCBRIDE BLVD,507433.1234,5450951.89,INT814
-13686966.39,6309004.832,393,"EIGHTH AVE, TWENTY-SECOND ST",503488.62,5449781.178,INT130
-13681167.25,6312143.24,394,SEYMOUR CRT,507280.899,5451832.404,INT638
-13683159.31,6310779.992,395,"SIXTH ST, BRANTFORD ST",505978.7347,5450941.536,INT146
-13680206.34,6314536.213,396,KELLY ST,507907.2499,5453393.954,INT902
-13681750.8,6310481.975,397,"SECOND ST, CLINTON PL",506900.5181,5450748.186,INT439
-13682430.06,6313406.101,398,"RICKMAN PL, CUMBERLAND ST",506453.8482,5452655.06,INT573
-13685206.51,6309469.001,399,"MAYES ST, SIXTEENTH ST",504640.0376,5450084.902,INT21
-13684865.54,6311366.998,400,"LONDON ST, TENTH ST",504862.0667,5451323.383,INT165
-13681686.52,6310412.654,401,"ROYAL AVE, PARK ROW, SECOND ST",506942.6359,5450703.013,INT476
-13679924.07,6314245.533,402,"GARRETT ST, BRAID ST",508092.1247,5453204.665,INT765
-13682447.75,6312295.174,403,"JACK MAHONY PL, PARK CR, SEVENTH AVE",506443.1258,5451930.464,INT227
-13686875.36,6308895.639,404,"HAMILTON ST, TWENTY-SECOND ST",503548.235,5449709.964,INT795
-13685138.97,6310512.764,405,"EIGHTH AVE, THIRTEENTH ST",504683.6566,5450765.944,INT119
-13683033.3,6312879.449,406,"GLOVER AVE, COLBORNE ST",506059.6681,5452311.124,INT242
-13683502.72,6309987.384,407,"KENNEDY ST, NINTH ST",505754.5894,5450424.183,INT873
-13679982.54,6313175.086,408,"BRUNETTE AVE, KEARY ST, SPRUCE ST ONRAMP",508054.9065,5452506.5,INT620
-13681421.36,6312375.156,409,"HARVEY ST, CUMBERLAND ST",507114.47,5451983.46,INT622
-13684237.61,6309599.631,410,"FOURTH AVE, MCPHADEN ST",505273.9725,5450170.706,INT258
-13681701.17,6310411.377,411,"ROYAL AVE, SECOND ST",506933.049,5450702.168,INT477
-13685085.17,6310447.301,412,"KINGSTON ST, THIRTEENTH ST",504718.8895,5450723.265,INT120
-13684761.76,6311241.373,413,"DUBLIN ST, TENTH ST",504930.0325,5451241.492,INT164
-13683017.96,6310607.756,414,"FOURTH AVE, SIXTH ST",506071.3395,5450829.272,INT145
-13686786.01,6308788.672,415,"SEVENTH AVE, TWENTY-SECOND ST",503606.7507,5449640.202,INT685
-13685095.71,6309331.997,416,FIFTH AVE,504712.614,5449995.569,INT771
-13680699,6312758.684,417,"MINER ST, STRAND AVE",507586.6581,5452234.248,INT346
-13680553.24,6312612.199,418,"DEBECK ST, SAPPER ST",507682.1329,5452138.836,INT355
-13681448.22,6313512.329,419,E SIXTH AVE,507095.95,5452725.13,INT335
-13683886.81,6308116.261,420,SALTER ST,505504.4895,5449202.974,INT2
-13686773.77,6308773.643,421,TWENTY-SECOND ST,503614.77,5449630.4,INT47
-13682538.85,6308998.229,422,"COLUMBIA ST, FRONT ST",506386.0293,5449779.464,INT821
-13686727.79,6306483.838,423,JARDINE ST,503645.8453,5448136.018,INT912
-13685031.44,6310381.915,424,"HAMILTON ST, THIRTEENTH ST",504754.0815,5450680.636,INT121
-13683161.09,6312985.087,425,"MCBRIDE BLVD, TENTH AVE",505976.0105,5452379.933,INT583
-13680345.92,6314640.086,426,"E COLUMBIA ST, HOULT ST",507815.8713,5453461.558,INT877
-13683396.2,6309856.61,427,"THIRD AVE, NINTH ST",505824.3807,5450338.932,INT871
-13686542.63,6308533.443,428,"MARINE WAY, HIGHWAY 91A",503766.1396,5449473.758,INT773
-13683643.68,6309010.135,429,"TWELFTH ST, STEWARDSON WAY, COLUMBIA ST",505663.0087,5449786.443,INT838
-13681017.18,6313068.964,430,"RICHMOND ST, SIMPSON ST",507378.2563,5452436.338,INT343
-13681633.4,6310323.984,431,CUNNINGHAM ST,506977.4605,5450645.207,INT966
-13682892.11,6312709.388,432,"CLUTE ST, COLBORNE ST",506152.149,5452200.306,INT243
-13686721.46,6308710.136,433,"MARINE WAY, TWENTY-SECOND ST",503649.0305,5449588.981,INT48
-13680456.35,6313620.487,434,SHERBROOKE ST,507744.5834,5452796.542,INT882
-13682364.2,6312173.397,435,"SMOKEY SMITH PL, PARK CR",506497.878,5451851.095,INT420
-13684659.43,6311117.2,436,"EDINBURGH ST, TENTH ST",504997.051,5451160.546,INT163
-13684103.92,6309437.148,437,MCPHADEN ST,505361.5561,5450064.772,INT256
-13682223.96,6313149.653,438,"CUMBERLAND ST, COURTNEY CR",506588.8553,5452487.964,INT624
-13682910.53,6310476.588,439,"BLACKFORD ST, SIXTH ST",506141.725,5450743.774,INT211
-13685737.24,6306591.994,440,LAWRENCE ST,504294.2038,5448207.08,INT929
-13681580.4,6310258.377,441,"AGNES ST, ELLIOT ST",507012.1949,5450602.447,INT141
-13681332.98,6314494.529,442,"E TENTH AVE, SURREY ST",507170.4845,5453365.763,INT666
-13682180.84,6310859.916,443,"THIRD AVE, ANTHONY CT",506618.8505,5450994.41,INT445
-13682826.92,6312629.219,444,"COLBORNE ST, OVENS AVE",506194.8502,5452148.064,INT478
-13679643.07,6313913.856,445,"ROUSSEAU ST, MAJOR ST",508276.2225,5452988.639,INT767
-13684922.95,6310249.802,446,"SEVENTH AVE, THIRTEENTH ST",504825.143,5450594.504,INT289
-13686680.44,6308652.073,447,HIGHWAY 91A,503675.9,5449551.11,INT938
-13681670.71,6312581.195,448,"E SIXTH AVE, DIXON ST",506951.1907,5452117.643,INT496
-13680681.07,6314951.466,449,"HOLMES ST, E TENTH AVE, GARFIELD ST",507596.4098,5453664.297,INT702
-13682524.72,6308954.802,450,FRONT ST,506395.309,5449751.137,INT654
-13683945.63,6308141.824,451,STAR CR,505465.9789,5449219.618,INT800
-13681527.22,6310193.226,452,"ELLIOT ST, DICKENSON ST",507047.0448,5450559.985,INT969
-13684557.33,6310993.066,453,"EIGHTH AVE, TENTH ST",505063.924,5451079.626,INT162
-13684911.21,6306864.147,454,"SALTER ST, DERWENT WAY",504834.762,5448385.162,INT79
-13683238.68,6309665.87,455,"MILTON ST, NINTH ST",505927.5872,5450214.59,INT869
-13682802.64,6310345.149,456,"THIRD AVE, SIXTH ST",506212.41,5450658.1,INT209
-13685516.08,6310829.967,457,"LONDON ST, HILL ST",504436.7512,5450972.683,INT309
-13684828.9,6310137.236,458,"NANAIMO ST, THIRTEENTH ST",504886.7434,5450521.116,INT306
-13681468.81,6310122.025,459,"ELLIOT ST, CARNARVON ST",507085.3213,5450513.579,INT970
-13682076.23,6310732.482,460,ANTHONY CT,506687.3947,5450911.356,INT446
-13682109.14,6313007.01,461,"E EIGHTH AVE, CUMBERLAND ST",506664.0681,5452395.02,INT332
-13682721.19,6312500.791,462,"EIGHTH AVE, COLBORNE ST, PARK CR",506264.1013,5452064.375,INT596
-13685273.75,6307219.834,463,"EWEN AVE, PEMBINA ST",504597.2622,5448617.108,INT106
-13684503.45,6310927.681,464,"TENTH ST, KINGSTON ST",505099.2182,5451037.003,INT382
-13681544.55,6312436.213,465,"CUMBERLAND ST, BETH ST",507033.8382,5452023.182,INT494
-13680874.24,6314004.798,466,"E EIGHTH AVE, BLAIR AVE",507470.925,5453046.796,INT530
-13682280.03,6312053.539,467,"SIXTH AVE, PARK CR",506553.027,5451772.979,INT418
-13680369.11,6313495.379,468,E COLUMBIA ST,507801.7642,5452715.03,INT32
-13680747.44,6313875.031,469,"BUCHANAN AVE, WARD ST",507553.9719,5452962.282,INT757
-13683175.57,6309588.688,470,"QUEENS AVE, NINTH ST",505968.937,5450164.275,INT847
-13682749.09,6310280.075,471,"LANCASTER ST, SIXTH ST",506247.4933,5450615.684,INT210
-13680550.7,6314797.175,472,NOOTKA ST,507681.808,5453563.806,INT878
-13686642.49,6306347.388,473,"EWEN AVE, JARDINE ST",503701.746,5448046.991,INT910
-13681409.71,6310050.259,474,"CLARKSON ST, ELLIOT ST",507124.0528,5450466.805,INT852
-13682727.1,6310253.317,475,"SIXTH ST, WELSH ST",506261.9041,5450598.242,INT709
-13681400.27,6310038.804,476,ELLIOT ST,507130.243,5450459.34,INT972
-13684449.21,6310861.49,477,"TENTH ST, HAMILTON ST",505134.7415,5450993.854,INT383
-13685902.49,6308959.576,478,NINETEENTH ST,504184.8607,5449752.132,INT686
-13685418.39,6310711.627,479,"DUBLIN ST, HILL ST",504500.726,5450895.531,INT308
-13681155.14,6314274.463,480,SURREY ST,507286.9824,5453222.407,INT883
-13681116.61,6310871.595,481,"ROYAL AVE, LEOPOLD PL",507315.1246,5451002.909,INT239
-13682695.87,6310215.227,482,"ST. GEORGE ST, SIXTH ST",506282.3663,5450573.414,INT207
-13684738.59,6310025,483,"SIXTH AVE, THIRTEENTH ST",504945.9043,5450447.941,INT292
-13682604.71,6309001.893,484,MCNEELY ST,506342.9251,5449781.805,INT214
-13681162.08,6313155.924,485,"ARCHER ST, SHILES ST",507283.4051,5452492.929,INT341
-13682575.68,6308970.983,486,"COLUMBIA ST, MCNEELY ST, FRONT ST",506361.946,5449761.657,INT213
-13681960.89,6310593.053,487,"QUEENS AVE, PEELE ST",506762.9684,5450820.485,INT440
-13683924.6,6308083.48,488,EWEN AVE,505479.7781,5449181.557,INT282
-13685772.29,6307698.612,489,"BOYD ST, BOYNE ST",504270.702,5448929.318,INT85
-13682003.35,6312875.793,490,"E DURHAM ST, CUMBERLAND ST",506733.3658,5452309.522,INT349
-13685862.37,6308907.561,491,"RIVER DR, NINETEENTH ST",504211.1452,5449718.21,INT539
-13685758.05,6307679.887,492,"BOYD ST, BOYNE ST",504280.0346,5448917.105,INT104
-13682644.1,6310152.278,493,"LIVERPOOL ST, SIXTH ST, ROBSON AVE",506316.2844,5450532.383,INT458
-13686636.63,6308558.57,494,"MARINE WAY, HIGHWAY 91A",503704.611,5449490.113,INT577
-13687536.19,6306100.829,495,"WESTMINSTER HWY, BOUNDARY RD",503116.8058,5447885.69,INT922
-13682451.69,6311076.036,496,"FOURTH AVE, OLIVER ST",506441.4814,5451135.192,INT448
-13684339.8,6310728.509,497,"TENTH ST, SEVENTH AVE",505206.4057,5450907.166,INT381
-13686981.81,6305539.012,498,"SALTER ST, DAWE ST",503479.9509,5447519.168,INT64
-13683679.15,6310061.129,499,"FOURTH AVE, GILLEY ST",505639.1003,5450472.178,INT363
-13680999.5,6314094.135,500,"ELMER ST, RICHMOND ST, SURREY ST",507388.9234,5453104.945,INT515
-13685618.4,6306407.322,501,"SALTER ST, VISCOUNT PL",504372.0897,5448086.602,INT96
-13685690.12,6309838.683,502,"HAMILTON ST, BELYEA ST",504323.3862,5450325.854,INT741
-13682583.3,6310078.181,503,"QUEENS AVE, SIXTH ST",506356.1227,5450484.084,INT208
-13686226.19,6308134.872,504,WOOD ST,503973.4167,5449213.804,INT943
-13681862.55,6310473.668,505,"PEELE ST, MANITOBA ST",506827.4113,5450742.675,INT183
-13680994.93,6310721.352,506,"LEOPOLD PL, BUSHBY ST",507394.8659,5450904.998,INT240
-13686603.43,6308510.974,507,"MARINE WAY, HIGHWAY 91A",503726.3565,5449459.069,INT772
-13680368.69,6313454.909,508,E COLUMBIA ST,507802.0741,5452688.636,INT31
-13680389.39,6312352.861,509,"E COLUMBIA ST, CUMBERLAND ST",507789.5485,5451969.831,INT947
-13681897.14,6312744.21,510,"E SEVENTH AVE, CUMBERLAND ST",506802.9489,5452223.784,INT351
-13681820.76,6310423.007,511,"CLINTON PL, PEELE ST",506854.7905,5450709.658,INT438
-13682497.76,6309978.104,512,SIXTH ST,506412.1706,5450418.854,INT960
-13683151.47,6310634.702,513,BENT CT,505983.9653,5450846.755,INT691
-13682348.27,6310948.191,514,OLIVER ST,506509.2434,5451051.868,INT447
-13684240.77,6310607.145,515,"TENTH ST, NANAIMO ST",505271.2766,5450828.049,INT380
-13684543.16,6309787.167,516,"FIFTH AVE, THIRTEENTH ST",505073.9207,5450292.881,INT295
-13685582.47,6309707.398,517,"SEVENTH AVE, BELYEA ST",504393.8967,5450240.25,INT740
-13681768.16,6310357.124,518,"ROYAL AVE, PEELE ST",506889.2645,5450666.717,INT319
-13687358.93,6305890.461,519,"EWEN AVE, HUME ST",503232.9284,5447748.437,INT60
-13682443.98,6309914.502,520,SIXTH ST,506447.4113,5450377.398,INT831
-13684956.2,6306836.245,521,SALTER ST,504805.3274,5448366.925,INT931
-13684855.83,6306734.641,522,"DERWENT WAY, SOUTH DYKE RD",504871.0848,5448300.665,INT58
-13686283.96,6310408.667,523,"TENTH AVE, SEVENTEENTH ST",503934.5495,5450697.444,INT832
-13686665.1,6308550.769,524,MARINE WAY,503685.9801,5449485.01,INT576
-13681768.85,6313717.723,525,"CHURCHILL AVE, SCOTT ST",506886.0723,5452858.816,INT567
-13686437.71,6309440.1,526,"EIGHTH AVE, BOWLER ST",503834.3886,5450065.425,INT890
-13680067.54,6314248.724,527,"FADER ST, BRAID ST",507998.2901,5453206.609,INT764
-13681378.05,6309957.714,528,COLUMBIA ST,507144.8483,5450406.451,INT604
-13684483.45,6309715.123,529,"THIRTEENTH ST, CARIBOO ST",505113.0351,5450245.911,INT117
-13682798.09,6309142.179,530,VICTORIA ST,506216.2751,5449873.2,INT259
-13685056.78,6308049.835,531,STANLEY ST,504738.8083,5449158.914,INT236
-13681635.11,6310213.716,532,AGNES ST,506976.4327,5450573.263,INT140
-13684155.86,6310503.91,533,"SIXTH AVE, TENTH ST",505326.8955,5450760.751,INT379
-13682381.67,6309836.241,534,"ROYAL AVE, SIXTH ST",506488.2434,5450326.383,INT465
-13684434.72,6309654.129,535,"CAMERON ST, THIRTEENTH ST",505144.9567,5450206.143,INT118
-13681711.49,6312522.284,536,"E SIXTH AVE, CUMBERLAND ST",506924.5632,5452079.184,INT493
-13683465.04,6309799.328,537,"THIRD AVE, GILLEY ST",505779.3724,5450301.51,INT45
-13682746.08,6309077.184,538,CARNARVON ST,506250.3552,5449830.829,INT676
-13683168.84,6310620.309,539,BENT CT,505972.6075,5450837.353,INT134
-13683939.3,6308032.229,540,"EWEN AVE, BROOKES ST",505470.1873,5449148.101,INT10
-13684104.09,6310438.999,541,"TENTH ST, BOLE ST",505360.8087,5450718.435,INT248
-13686179.81,6310281.181,542,"LONDON ST, SEVENTEENTH ST",504002.7574,5450614.318,INT751
-13684387,6309596.788,543,"THIRTEENTH ST, KAMLOOPS ST",505176.2183,5450168.759,INT271
-13684064.97,6308151.016,544,"FAIRWEATHER LANE, STAR CR",505387.8632,5449225.54,INT88
-13679817.95,6312848.364,545,"EDWORTHY WAY, SPRUCE ST",508162.8759,5452293.564,INT546
-13680700.46,6312614.713,546,"MINER ST, DEBECK ST",507585.8294,5452140.342,INT354
-13681646.16,6313564.611,547,"CHESTNUT ST, SCOTT ST",506966.4404,5452759.062,INT566
-13682320.25,6309756.605,548,"CUNNINGHAM ST, SIXTH ST",506528.4938,5450274.471,INT464
-13685511.57,6306239.292,549,VISCOUNT PL,504442.1139,5447976.979,INT803
-13684324.39,6309526.21,550,"FOURTH AVE, THIRTEENTH ST",505217.2347,5450122.746,INT951
-13680558.06,6311344.633,551,"E COLUMBIA ST, FRONT ST",507680.13,5451312,INT946
-13683101.85,6310538.602,552,"FOURTH AVE, BENT CT",506016.4981,5450784.094,INT133
-13687537.03,6306030.292,553,"HIGHWAY 91A, BOUNDARY RD",503116.2826,5447839.647,INT923
-13682755.22,6312431.126,554,COLBORNE ST,506241.8962,5452018.91,INT640
-13684824.29,6306665.002,555,DERWENT WAY,504891.77,5448255.23,INT59
-13684016.27,6310331.795,556,"TENTH ST, HOWAY ST",505418.3409,5450648.549,INT251
-13682266.38,6309692.492,557,"AGNES ST, SIXTH ST",506563.7938,5450232.681,INT277
-13684329.34,6309524.579,558,"THIRTEENTH ST, FOURTH AVE",505213.9937,5450121.679,INT269
-13686077.24,6310157.303,559,"DUBLIN ST, SEVENTEENTH ST",504069.9281,5450533.545,INT749
-13686222.67,6309179.572,560,"SEVENTH AVE, BOWLER ST",503975.2317,5449895.529,INT776
-13682228.85,6313011.82,561,MOTT CR,506585.7609,5452398.064,INT480
-13683962.11,6310267.463,562,"FIFTH AVE, TENTH ST",505453.8168,5450606.612,INT378
-13679786.38,6313916.817,563,"WILSON ST, MAJOR ST",508182.49,5452990.43,INT543
-13682211.33,6309626.324,564,"VICTORIA ST, SIXTH ST",506599.8665,5450189.551,INT730
-13681556.77,6313453.471,565,"E EIGHTH AVE, SCOTT ST",507025.0006,5452686.653,INT565
-13683187.63,6310604.751,566,BENT CT,505960.3298,5450827.19,INT415
-13681176.06,6310822.205,567,"ROYAL AVE, LOOP, BUSHBY ST",507276.2734,5450970.636,INT695
-13683240.55,6309533.964,568,"QUEENS AVE, MCINNES ST",505926.4556,5450128.522,INT846
-13687537.27,6306008.527,569,"HIGHWAY 91A, BOUNDARY RD",503116.1388,5447825.439,INT924
-13681019.83,6312907.471,570,"RICHMOND ST, ALBERTA ST",507376.6655,5452331.007,INT342
-13680370.2,6313373.172,571,"E COLUMBIA ST, HOSPITAL ST",507801.16,5452635.327,INT348
-13684190.87,6309363.849,572,"MCPHADEN ST, THIRTEENTH ST, STEWARDSON WAY",505304.7086,5450016.89,INT257
-13683908.81,6310200.872,573,"NAPANEE ST, TENTH ST",505488.7348,5450563.201,INT377
-13680042.03,6313040.15,574,"SPRUCE ST ONRAMP, SPRUCE ST",508016.1236,5452418.437,INT824
-13682158.67,6309561.292,575,"CARNARVON ST, SIXTH ST",506634.3789,5450147.16,INT853
-13685974.72,6310031.879,576,"EDINBURGH ST, SEVENTEENTH ST",504137.0687,5450451.763,INT748
-13687559.92,6306022.773,577,HIGHWAY 91A,503101.3,5447834.73,INT936
-13684104.36,6309269.682,578,"THIRD AVE, STEWARDSON WAY",505361.3757,5449955.501,INT297
-13679746.16,6312735.593,579,SPRUCE ST,508209.9435,5452220.081,INT547
-13681422.67,6314420.331,580,"E TENTH AVE, BURNABY ST",507111.8929,5453317.301,INT551
-13684937.59,6307862.782,581,"BEACH ST, STANLEY ST",504816.9224,5449036.909,INT80
-13683856.06,6310136.75,582,"ST. ANDREWS ST, TENTH ST",505523.29,5450521.4,INT376
-13682094.11,6309482.989,583,"CLARKSON ST, SIXTH ST",506676.6858,5450096.119,INT463
-13682163.71,6310668.554,584,TOWNSEND PL,506630.211,5450869.58,INT442
-13682195.38,6310699.896,585,TOWNSEND PL,506609.4634,5450890.003,INT443
-13685011.14,6306803.416,586,"SALTER ST, PEMBINA ST",504769.3855,5448345.466,INT801
-13683801.35,6310070.289,587,"BELLEVILLE ST, TENTH ST",505559.1357,5450478.074,INT375
-13682569.76,6312195.111,588,"SEVENTH AVE, COLBORNE ST",506363.3889,5451865.102,INT226
-13687558.73,6306001.494,589,HIGHWAY 91A,503102.09,5447820.84,INT935
-13685872.17,6309907.297,590,"EIGHTH AVE, SEVENTEENTH ST",504204.2343,5450370.529,INT747
-13682036.51,6309413.602,591,"COLUMBIA ST, SIXTH ST",506714.4301,5450050.89,INT461
-13683085.09,6309345.973,592,"ONTARIO ST, MCINNES ST",506028.3172,5450005.969,INT261
-13686377.12,6305931.168,593,"SALTER ST, JARDINE ST",503875.6457,5447775.424,INT100
-13682978.06,6311480.159,594,"SIXTH AVE, THIRD ST",506096.8105,5451398.43,INT175
-13681199.51,6310812.503,595,"PATTULLO ON-RAMP, PATTULLO BRIDGE DECK",507260.9375,5450964.286,INT610
-13685722.68,6310872.027,596,"TENTH AVE, FOURTEENTH ST",504301.557,5451000.015,INT314
-13681196.36,6310805.551,597,"ROYAL AVE, PATTULLO BRIDGE DECK",507263.0059,5450959.754,INT609
-13680750.75,6313720.914,598,"BUCHANAN AVE, KNOX ST",507551.9452,5452861.77,INT758
-13681308.54,6313158.894,599,"DEVOY ST, SHILES ST",507187.61,5452494.74,INT337
-13683747.37,6310004.786,600,"FOURTH AVE, TENTH ST",505594.4956,5450435.372,INT362
-13683594.56,6310969.39,601,"SIXTH AVE, SEVENTH ST",505693.8356,5451064.795,INT166
-13680748.67,6311471.663,602,JAMIESON CT,507555.3183,5451394.695,INT634
-13681964.42,6309329.392,603,"FRONT ST, SIXTH ST",506761.6737,5449996.001,INT462
-13684072.61,6308085.487,604,FOUNDRY ROW,505382.9053,5449182.771,INT904
-13683030.69,6309277.88,605,"ROYAL AVE, MCINNES ST",506063.9642,5449961.578,INT368
-13685663.24,6310798.974,606,"DOWNIE ST, FOURTEENTH ST",504340.4861,5450952.387,INT311
-13684219.18,6308226.729,607,"FAIRWEATHER LANE, FURNESS ST",505286.8941,5449274.852,INT950
-13681271.15,6314231.96,608,"BURNABY ST, CHURCHILL AVE",507211.1442,5453194.59,INT552
-13682726.71,6310088.234,609,ROBSON AVE,506262.284,5450490.536,INT459
-13683693.74,6309939.239,610,"TENTH ST, AUGUSTA ST",505629.6322,5450392.642,INT374
-13681604.19,6312321.152,611,"BETH ST, GLENBROOKE DR",506994.9239,5451948.082,INT625
-13682879.42,6311360.311,612,"REGINA ST, THIRD ST",506161.4317,5451320.32,INT173
-13683781.04,6307782.62,613,"SALTER ST, BROOKES ST",505573.9332,5448985.307,INT1
-13683756.51,6308876.883,614,"QUAYSIDE DR, LAGUNA CRT",505589.2654,5449699.416,INT659
-13681246.15,6314201.284,615,BURNABY ST,507227.525,5453174.607,INT555
-13682976.84,6309213.724,616,"MOODY ST, MCINNES ST",506099.2459,5449919.754,INT367
-13685618.57,6310745.54,617,"LONDON ST, FOURTEENTH ST",504369.74,5450917.55,INT310
-13684834.92,6307715.968,618,"BLACKLEY ST, STANLEY ST",504884.208,5448941.155,INT81
-13686959.62,6309849.979,619,"TENTH AVE, TWENTIETH ST",503492.6998,5450332.635,INT112
-13681164.45,6312992.254,620,ARCHER ST,507281.9974,5452386.178,INT340
-13683496.33,6310850.551,621,"BELMONT ST, SEVENTH ST",505758.1847,5450987.334,INT167
-13683640.22,6309874.064,622,"TENTH ST, CORNWALL ST",505664.6956,5450350.154,INT373
-13680682.15,6313627.198,623,SHERBROOKE ST,507596.8956,5452800.713,INT759
-13682923.79,6309148.904,624,"AGNES ST, MCINNES ST",506134.0103,5449877.497,INT276
-13682383.53,6311968.382,625,"SIXTH AVE, COLBORNE ST",506485.3901,5451717.351,INT229
-13680833.61,6314893.877,626,"E TENTH AVE, AMESS ST",507496.7084,5453626.608,INT521
-13687078.94,6305478.528,627,"SALTER ST, HUME ST",503416.3875,5447479.645,INT61
-13684922.06,6306645.252,628,"SOUTH DYKE RD, PEMBINA ST",504827.7817,5448242.283,INT891
-13686904.93,6309781.815,629,"TWENTIETH ST, NINTH AVE",503528.5131,5450288.183,INT111
-13683586.85,6309809.161,630,"TENTH ST, OXFORD ST",505699.6614,5450307.842,INT372
-13682781.93,6311241.254,631,"FIFTH AVE, THIRD ST",506225.2975,5451242.725,INT177
-13682867.88,6309084.082,632,"MCINNES ST, VICTORIA ST",506170.6468,5449835.24,INT275
-13685519.03,6310623.61,633,"DUBLIN ST, FOURTEENTH ST",504434.9255,5450838.055,INT315
-13680351.98,6314397.651,634,"E COLUMBIA ST, E EIGHTH AVE",507812.13,5453303.46,INT879
-13686855.84,6309722.979,635,"LONDON ST, TWENTIETH ST",503560.6581,5450249.815,INT723
-13683398.75,6310732.409,636,"FIFTH AVE, SEVENTH ST",505822.1067,5450910.326,INT168
-13683532.21,6309743.442,637,"THIRD AVE, TENTH ST",505735.4617,5450265,INT46
-13682813.94,6309021.192,638,"CARNARVON ST, MCINNIS OVERPASS",506205.9909,5449794.242,INT364
-13680557.19,6312356.476,639,"SAPPER ST, CUMBERLAND ST",507679.7811,5451972.035,INT357
-13682728.8,6311176.512,640,"ELGIN ST, THIRD ST",506260.108,5451200.53,INT178
-13680211.1,6314251.056,641,"KELLY ST, BRAID ST",507904.4026,5453207.994,INT763
-13687547.28,6304811.301,642,"SOUTH DYKE RD, BOUNDARY RD",503110.0234,5447043.882,INT921
-13681261.72,6310819.712,643,"ROYAL AVE ONRAMP, MCBRIDE OFF-RAMP, ROYAL OFF-RAMP",507220.2303,5450968.936,INT485
-13685784.66,6309760.263,644,"HAMILTON ST, CURNEW ST",504261.5665,5450274.639,INT744
-13681101.57,6314021.992,645,"BURNABY ST, CARNEGIE ST",507322.2312,5453057.809,INT554
-13678779.34,6313928.766,646,"BRAID ST, CANFOR AVE",508841.1099,5452999.24,INT541
-13686815.72,6309674.189,647,"TWENTIETH ST, LONDON ST",503586.9326,5450217.998,INT722
-13681226.94,6310780.466,648,"ROYAL AVE, ROYAL OFF-RAMP",507243.0221,5450943.363,INT486
-13679636.7,6313665.776,649,"BRUNETTE AVE, ROUSSEAU ST",508280.6322,5452826.858,INT672
-13682674.52,6311110.259,650,"ST. PATRICK ST, THIRD ST",506295.6673,5451157.349,INT179
-13683325.38,6310642.682,651,"BRANTFORD ST, SEVENTH ST",505870.173,5450851.839,INT169
-13686563.86,6307172.818,652,"BOYD ST, HIGHWAY 91A",503752.8471,5448585.783,INT83
-13685411.08,6307132.76,653,"EWEN AVE, BOYNE ST",504507.4187,5448560.204,INT54
-13685413.62,6310495.739,654,"EDINBURGH ST, FOURTEENTH ST",504503.9622,5450754.687,INT316
-13683676.95,6308749.406,655,LAGUNA CRT,505641.4117,5449616.286,INT660
-13685895.68,6307615.26,656,"BOYD ST, WOOD ST",504189.9814,5448874.858,INT893
-13683293.67,6310604.126,657,"SEVENTH ST, PRESCOTT ST",505890.9467,5450826.707,INT170
-13686741.77,6309584.111,658,"DUBLIN ST, TWENTIETH ST",503635.3636,5450159.256,INT777
-13681028.14,6313930.262,659,BURNABY ST,507370.3399,5452998.052,INT553
-13682620.45,6311045.066,660,"OAKLAND ST, THIRD ST",506331.0908,5451114.859,INT180
-13687574.9,6309297.587,661,TWENTY-THIRD ST,503090.3009,5449971.968,INT786
-13685677.08,6309631.16,662,"SEVENTH AVE, CURNEW ST",504332.0289,5450190.458,INT901
-13682738.36,6308918.844,663,"COLUMBIA ST, MCINNIS OVERPASS",506255.5277,5449727.513,INT653
-13681002.85,6313898.131,664,"E EIGHTH AVE, RICHMOND ST",507386.9071,5452977.12,INT562
-13687539.87,6309256.404,665,"NINTH AVE, TWENTY-THIRD ST",503113.2361,5449945.109,INT785
-13681864.52,6310277.457,666,ROYAL AVE,506826.2748,5450614.661,INT318
-13685888.61,6307597.021,667,"BOYD ST, WOOD ST",504194.6185,5448862.958,INT253
-13684861.54,6309923.385,668,"SIXTH AVE, HOLLAND ST",504865.5102,5450381.57,INT303
-13682567.26,6310979.25,669,"FOURTH AVE, THIRD ST",506365.9425,5451071.963,INT181
-13680389.84,6314396.107,670,"E EIGHTH AVE, WELLS GREY PL",507787.3729,5453302.418,INT817
-13685311.15,6310370.89,671,"EIGHTH AVE, FOURTEENTH ST",504571.073,5450673.288,INT234
-13684743.06,6307559.418,672,"EWEN AVE, STANLEY ST",504944.4217,5448839.039,INT56
-13682734.48,6308900.767,673,"FRONT ST, MCINNIS OVERPASS",506258.0777,5449715.72,INT675
-13687233.81,6306698.758,674,GIFFORD ST,503314.52,5448276.09,INT942
-13685581.9,6309519.982,675,"NANAIMO ST, CURNEW ST",504394.3663,5450117.965,INT739
-13686643.29,6309464.822,676,"EDINBURGH ST, TWENTIETH ST",503699.852,5450081.464,INT842
-13683183.9,6310470.285,677,"FOURTH AVE, SEVENTH ST",505962.861,5450739.465,INT171
-13684223.77,6308152.438,678,"FURNESS ST, STAR CR",505283.936,5449226.368,INT89
-13683309.52,6309474.064,679,"QUEENS AVE, TENTH ST",505881.3641,5450089.39,INT371
-13681860.61,6310258.561,680,ROYAL AVE,506828.849,5450602.336,INT679
-13680752,6313628.098,681,"BUCHANAN AVE, SHERBROOKE ST",507551.2139,5452801.237,INT549
-13681850.04,6310246.072,682,"ROYAL AVE, MERIVALE ST",506835.7787,5450594.197,INT473
-13687450.31,6309149.049,683,"LONDON ST, TWENTY-THIRD ST",503171.8818,5449875.091,INT266
-13683308.29,6312832.545,684,FIRST ST,505879.8318,5452280.337,INT959
-13679929.55,6313920.156,685,"GARRETT ST, MAJOR ST",508088.8538,5452992.469,INT762
-13684052.78,6307975.607,686,"EWEN AVE, JENSEN ST",505395.9537,5449111.076,INT8
-13678932.05,6314037.921,687,"BRAID ST, VULCAN ST",508741.118,5453070.266,INT35
-13686201.86,6305650.754,688,"SOUTH DYKE RD, JARDINE ST",503990.5112,5447592.458,INT809
-13684416.48,6309453.437,689,"FOURTH AVE, STEWARDSON WAY",505157.0188,5450075.206,INT270
-13686306.09,6309110.361,690,SEVENTH AVE,503920.6737,5449850.329,INT775
-13681799.98,6310185.187,691,"MERIVALE ST, CUNNINGHAM ST",506868.5798,5450554.514,INT474
-13687575.86,6304785.247,692,SOUTH DYKE RD,503091.3215,5447026.862,INT927
-13681022.61,6312764.567,693,STRAND AVE,507374.974,5452237.798,INT509
-13685203.39,6310239.508,694,"HAMILTON ST, FOURTEENTH ST",504641.6575,5450587.63,INT235
-13687125.37,6305449.458,695,"SALTER ST, SPAGNOL ST",503386.0019,5447460.65,INT65
-13680847.44,6310345.072,696,PATTULLO BRIDGE DECK,507491.7,5450659.64,INT606
-13686548.22,6309348.817,697,"EIGHTH AVE, TWENTIETH ST",503762.1166,5450005.813,INT682
-13687360.84,6309041.224,698,"DUBLIN ST, TWENTY-THIRD ST",503230.4766,5449804.768,INT789
-13683208.49,6309351.277,699,"TENTH ST, AUCKLAND ST",505947.5608,5450009.343,INT866
-13683076.83,6310340.069,700,"BLACKFORD ST, SEVENTH ST",506033.0083,5450654.586,INT413
-13683220.26,6312725.239,701,"GLOVER AVE, FIRST ST",505937.4902,5452210.41,INT241
-13685173.72,6311324.228,702,"TENTH AVE, HENLEY ST",504660.4725,5451295.308,INT392
-13681746.86,6310120.908,703,"AGNES ST, MERIVALE ST",506903.3898,5450512.62,INT962
-13686859.87,6308532.888,704,MARINE WAY,503558.5207,5449473.258,INT579
-13681885.99,6313623.181,705,"CHURCHILL AVE, WILLIAM ST",506809.5294,5452797.064,INT499
-13680849.04,6310335.602,706,PATTULLO BRIDGE DECK,507490.66,5450653.46,INT810
-13680372.53,6313219.478,707,"E COLUMBIA ST, KEARY ST",507799.7793,5452535.086,INT347
-13683027.49,6310280.016,708,"SEVENTH ST, WALMSLEY ST",506065.3346,5450615.442,INT414
-13684666.3,6309685.427,709,"FIFTH AVE, HOLLAND ST",504993.4042,5450226.425,INT115
-13683155.78,6309286.639,710,"TENTH ST, QUEBEC ST",505982.1003,5449967.203,INT850
-13683954.56,6312330.104,711,"TENTH AVE, FOURTH ST",505457.4233,5451952.183,INT202
-13681692.96,6310056.24,712,"DICKENSON ST, MERIVALE ST",506938.7092,5450470.471,INT466
-13682723.61,6308850.058,713,"QUAYSIDE DR, MCINNIS OVERPASS",506265.2306,5449682.639,INT655
-13682352.14,6310717.818,714,"THIRD AVE, THIRD ST",506506.8885,5450901.573,INT137
-13686458.22,6309239.325,715,"TWENTIETH ST, HAMILTON ST",503821.0615,5449934.409,INT683
-13683897.87,6308907.548,716,"QUAYSIDE DR, RENAISSANCE SQ",505496.735,5449719.333,INT661
-13687270.87,6308933.898,717,"EDINBURGH ST, TWENTY-THIRD ST",503289.3921,5449734.769,INT792
-13680685.89,6314646.461,718,"GARFIELD ST, HOULT ST",507593.5341,5453465.405,INT525
-13685095.32,6310108.037,719,"SEVENTH AVE, FOURTEENTH ST",504712.4369,5450501.913,INT307
-13687084.43,6305384.237,720,"DAN LEE AVE, SPAGNOL ST",503412.8362,5447418.089,INT70
-13687499.84,6305800.479,721,"EWEN AVE, PHILLIPS ST",503140.7136,5447689.647,INT67
-13680604.85,6314562.414,722,MCDONALD ST,507646.6073,5453410.671,INT880
-13681203.82,6310677.319,723,ALICE ST,507258.2356,5450876.09,INT697
-13683100.69,6309219.767,724,"ROYAL AVE, TENTH ST",506018.1959,5449923.608,INT370
-13682968.91,6310208.679,725,"THIRD AVE, SEVENTH ST",506103.7177,5450568.941,INT416
-13683118.39,6312599.94,726,"FIRST ST, SINCLAIR AVE",506004.2129,5452128.756,INT639
-13685070.27,6311198.387,727,"LONDON ST, HENLEY ST",504728.2198,5451213.273,INT385
-13681634.23,6309985.319,728,"CARNARVON ST, MERIVALE ST",506977.1997,5450424.248,INT468
-13682279,6310629.583,729,"TOWNSEND PL, THIRD ST, WARREN AVE",506554.8067,5450844.065,INT136
-13687112.2,6306520.514,730,"TANAKA CRT, GIFFORD ST",503394.1956,5448159.797,INT940
-13682313.35,6309541.625,731,VICTORIA ST,506533.1771,5450134.207,INT731
-13683870.11,6312226.902,732,"BLACKMAN ST, FOURTH ST",505512.7344,5451884.922,INT201
-13681454.37,6313161.46,733,"E SIXTH AVE, MCKAY ST, SHILES ST",507092.2191,5452496.29,INT336
-13687182.4,6308827.816,734,"EIGHTH AVE, TWENTY-THIRD ST",503347.3315,5449665.582,INT793
-13686370.98,6309133.217,735,"TWENTIETH ST, SEVENTH AVE",503878.1988,5449865.213,INT533
-13680933.74,6310392.425,736,"FRONT ST, PATTULLO BRIDGE DECK",507435.1942,5450690.458,INT607
-13682250.85,6310595.059,737,"TOWNSEND PL, THIRD ST",506573.2496,5450821.564,INT441
-13685837.84,6309715.673,738,"HAMILTON ST, FULTON ST",504226.7923,5450245.519,INT743
-13681576.46,6309913.927,739,"CLARKSON ST, MERIVALE ST",507015.0558,5450377.715,INT851
-13681778.48,6312360.088,740,"GLENBROOKE DR, EDDIE DR",506880.8808,5451973.335,INT626
-13685001.38,6309993.026,741,"NANAIMO ST, FOURTEENTH ST",504773.9744,5450426.928,INT305
-13682892.68,6310115.894,742,"WELSH ST, SEVENTH ST",506153.6621,5450508.46,INT708
-13685939.46,6307573.946,743,"BOYD ST, HIGHWAY 91A",504161.3532,5448847.874,INT937
-13684965.54,6311073.112,744,"DUBLIN ST, HENLEY ST",504796.8081,5451131.607,INT386
-13683014.59,6312474.679,745,"OVENS AVE, FIRST ST",506072.201,5452047.128,INT220
-13680938.96,6310384.956,746,"FRONT ST, PATTULLO BRIDGE DECK",507431.7799,5450685.58,INT811
-13682995.99,6309090.605,747,"AGNES ST, TENTH ST",506086.8059,5449839.403,INT366
-13683787.87,6312126.749,748,"NINTH AVE, FOURTH ST",505566.5978,5451819.648,INT200
-13687053.4,6306442.84,749,GIFFORD ST,503432.7173,5448109.121,INT941
-13682186.9,6310516.098,750,"THIRD ST, LIVERPOOL ST",506615.1539,5450770.099,INT320
-13684356.43,6309333.847,751,LEVI ST,505196.3842,5449997.21,INT263
-13687090.15,6308717.339,752,"HAMILTON ST, TWENTY-THIRD ST",503407.7472,5449593.528,INT794
-13684229.63,6308084.192,753,FURNESS ST,505280.1451,5449181.827,INT90
-13681527.1,6314334.328,754,"E TENTH AVE, CHESTNUT ST",507043.67,5453261.13,INT513
-13686271.22,6309012.096,755,"TWENTIETH ST, MEAD ST",503943.5364,5449786.225,INT532
-13687023.07,6305287.492,756,"RAMA AVE, SPAGNOL ST",503453.0429,5447354.959,INT68
-13680141.35,6312939.733,757,"SPRUCE ST ONRAMP, BRUNETTE AVE",507951.2534,5452352.848,INT816
-13679683.36,6313600.067,758,"BRUNETTE AVE, SHERBROOKE ST",508250.1778,5452783.958,INT615
-13684910.36,6309883.099,759,"SIXTH AVE, FOURTEENTH ST",504833.594,5450355.257,INT304
-13682941.41,6309023.897,760,"VICTORIA ST, TENTH ST",506122.5687,5449795.915,INT274
-13685951.22,6307565.175,761,"BOYD ST, HIGHWAY 91A",504153.6544,5448842.143,INT939
-13685731.21,6309585.347,762,"SEVENTH AVE, FULTON ST",504296.6314,5450160.538,INT742
-13682132.76,6310450.69,763,"QUEENS AVE, THIRD ST",506650.6322,5450727.468,INT184
-13682224.31,6309420.469,764,MCKENZIE ST,506591.5356,5450055.223,INT647
-13681677.86,6313355.48,765,"E EIGHTH AVE, WILLIAM ST, MCKAY ST",506945.8793,5452622.643,INT331
-13682272.41,6309467.609,766,"CARNARVON ST, MCKENZIE ST",506560.0225,5450085.943,INT648
-13681019.46,6310450.114,767,"COLUMBIA ST, PATTULLO BRIDGE DECK",507379.0545,5450728.02,INT608
-13683707.51,6312029.28,768,"SANDRINGHAM AVE, FOURTH ST",505619.2306,5451756.124,INT199
-13684862.69,6310948.794,769,"EDINBURGH ST, HENLEY ST",504864.1718,5451050.564,INT387
-13682913.21,6312350.375,770,"EIGHTH AVE, FIRST ST",506138.6077,5451966.123,INT219
-13682749.25,6309941.271,771,"QUEENS AVE, SEVENTH ST",506247.6387,5450394.633,INT710
-13687000.81,6308609.624,772,"SEVENTH AVE, TWENTY-THIRD ST",503466.2542,5449523.274,INT681
-13685717.12,6307319.459,773,"WOOD ST, RENNIE PL",504307.0036,5448681.895,INT108
-13682888.43,6308959.275,774,"CARNARVON ST, TENTH ST",506157.2889,5449753.785,INT365
-13680354.18,6314258.988,775,"E COLUMBIA ST, BRAID ST",507810.8232,5453213.034,INT528
-13682208.84,6309393.117,776,"CLARKSON ST, MCKENZIE ST",506601.6787,5450037.388,INT460
-13686972.46,6308575.889,777,TWENTY-THIRD ST,503484.8223,5449501.272,INT974
-13681857.56,6312401.654,778,"E SIXTH AVE, GLENBROOKE DR",506829.1142,5452000.383,INT492
-13686105.37,6308823.728,779,TWENTIETH ST,504052.1574,5449663.387,INT538
-13684220.18,6309169.071,780,"THIRD AVE, LEVI ST",505285.6471,5449889.778,INT264
-13684213.82,6309161.376,781,"THIRD AVE, LEVI ST",505289.8158,5449884.76,INT265
-13682034.4,6310331.622,782,"MANITOBA ST, THIRD ST",506715.0809,5450649.864,INT139
-13680706.15,6312358.898,783,"MINER ST, CUMBERLAND ST",507582.3409,5451973.48,INT358
-13683625.88,6311929.76,784,"OSBORNE AVE, FOURTH ST",505672.7016,5451691.262,INT198
-13680605.59,6314500.082,785,"MCDONALD ST, WELLS GREY PL",507646.1779,5453370.024,INT522
-13681105.21,6310516.036,786,"DUFFERIN ST, WELLINGTON ST",507322.8916,5450770.953,INT6
-13681026.5,6310436.061,787,"COLUMBIA ST, PATTULLO BRIDGE DECK",507374.4607,5450718.845,INT812
-13684760.86,6310824.254,788,"EIGHTH AVE, HENLEY ST",504930.8656,5450969.375,INT388
-13683869.4,6307686.387,789,"SALTER ST, JENSEN ST",505516.1655,5448922.445,INT3
-13682650.46,6309821.805,790,"SEVENTH ST, GLOUCESTER ST",506312.3697,5450316.76,INT449
-13684157.67,6310215.855,791,HOWAY ST,505325.8954,5450572.817,INT250
-13682150.82,6309318.635,792,"COLUMBIA ST, MCKENZIE ST",506639.7012,5449988.834,INT453
-13681455.54,6313104.072,793,"E SIXTH AVE, E SEVENTH AVE",507091.5,5452458.86,INT352
-13684535.78,6309473.554,794,"KAMLOOPS ST, STEWARDSON WAY",505078.9413,5450088.26,INT839
-13681057.74,6310460.76,795,"PATTULLO ON-RAMP, PATTULLO BRIDGE DECK",507354.0013,5450734.932,INT490
-13686958.29,6305183.655,796,"SOUTH DYKE RD, SPAGNOL ST",503495.501,5447287.199,INT69
-13687544.07,6305771.233,797,"EWEN AVE, BOUNDARY RD",503111.7731,5447670.539,INT925
-13682808.37,6312218.116,798,"FIRST ST, DURHAM ST",506207.2859,5451879.93,INT233
-13683912.76,6308842.358,799,RENAISSANCE SQ,505487.0309,5449676.785,INT863
-13685146.32,6306719.888,800,"SALTER ST, BOYNE ST",504680.9438,5448290.871,INT94
-13681578.36,6313220.979,801,"MCKAY ST, E DURHAM ST",507011.0701,5452535.004,INT334
-13682078.54,6309236.44,802,"FRONT ST, MCKENZIE ST",506687.0685,5449935.258,INT861
-13684715.46,6309645.531,803,"FIFTH AVE, FOURTEENTH ST",504961.2592,5450200.365,INT116
-13683544.36,6311829.846,804,"EIGHTH AVE, FOURTH ST",505726.0971,5451626.142,INT158
-13681939.47,6310215.501,805,"ROYAL AVE, THIRD ST",506777.2877,5450574.179,INT138
-13681343.14,6314100.179,806,"CHURCHILL AVE, CHERRY ST",507164.1766,5453108.59,INT556
-13681312.55,6310705.103,807,"PATTULLO ON-RAMP, ROYAL AVE, MCBRIDE OFF-RAMP, DUFFERIN ST",507187.0721,5450894.123,INT489
-13686060.39,6308751.957,808,"RIVER DR, TWENTIETH ST",504081.6292,5449616.575,INT537
-13684104.97,6310148.795,809,"FIFTH AVE, HOWAY ST",505360.4184,5450529.097,INT252
-13681925.32,6310198.16,810,ROYAL AVE,506786.5583,5450562.877,INT182
-13679204.99,6314189.784,811,BRAID ST,508562.4608,5453169.021,INT614
-13685835.37,6306282.259,812,"SALTER ST, CARTER ST",504230.1251,5448004.858,INT804
-13684637.05,6307316.924,813,STANLEY ST,505013.9513,5448680.838,INT918
-13680880.65,6313630.475,814,"BLAIR AVE, SHERBROOKE ST",507467.0685,5452802.673,INT548
-13679559.11,6313419.555,815,"CANFOR AVE, CAPILANO WAY",508331.6221,5452666.354,INT280
-13682549.02,6309698.054,816,"ROYAL AVE, SEVENTH ST",506378.8441,5450236.093,INT450
-13682885.16,6311156.719,817,"FIFTH AVE, OAK ST",506157.8245,5451187.502,INT190
-13684655.79,6309572.941,818,"CARIBOO ST, FOURTEENTH ST",505000.3489,5450153.037,INT296
-13681716.93,6312222.494,819,GLEN CT,506921.2506,5451883.636,INT630
-13685639.37,6307197.235,820,"WOOD ST, CRANE PL",504357.9605,5448602.164,INT107
-13684231.14,6308021.813,821,"FURNESS ST, FOUNDRY ROW",505279.1943,5449141.118,INT799
-13681254.69,6310634.676,822,"ALICE ST, DUFFERIN ST",507224.9908,5450848.226,INT696
-13682700.17,6312086.975,823,"SEVENTH AVE, FIRST ST",506278.1642,5451794.469,INT143
-13686936.78,6306257.776,824,GIFFORD ST,503509.1348,5447988.372,INT917
-13686870.97,6308431.193,825,MARINE WAY,503551.3,5449406.89,INT575
-13680331.1,6315310.791,826,E COLUMBIA ST,507824.9386,5453898.918,INT705
-13682785.68,6308807.439,827,QUAYSIDE DR,506224.6414,5449654.782,INT656
-13683654.24,6310800.851,828,ASH ST,505654.9047,5450954.803,INT712
-13681785.31,6312284.393,829,"EDDIE DR, GLEN CT",506876.4723,5451923.956,INT628
-13681395.18,6311890.446,830,BLACKBERRY DR,507132.0085,5451667.312,INT601
-13682650.89,6310910.817,831,"FOURTH AVE, PINE ST",506311.2778,5451027.256,INT188
-13683436.7,6311698.723,832,"DURHAM ST, FOURTH ST",505796.6178,5451540.682,INT197
-13687330.39,6308886.139,833,EDINBURGH ST,503250.4607,5449703.582,INT791
-13682485.11,6309620.221,834,"CUNNINGHAM ST, SEVENTH ST",506420.7198,5450185.357,INT279
-13687569.16,6305764.789,835,EWEN AVE,503095.3462,5447666.323,INT926
-13687628.33,6309183.92,836,NINTH AVE,503055.3781,5449897.779,INT787
-13680073.74,6313921.853,837,"FADER ST, MAJOR ST",507994.5461,5452993.438,INT692
-13681202.7,6310571.573,838,"DUFFERIN ST, AGNES ST",507259.0609,5450807.102,INT5
-13684552.93,6309454.537,839,FOURTEENTH ST,505067.7269,5450075.841,INT865
-13684581.75,6309482.25,840,"FOURTEENTH ST, STEWARDSON WAY",505048.8532,5450093.906,INT302
-13681501.16,6310868.314,841,"VANCOUVER ST, GRANVILLE ST",507063.5351,5451000.44,INT238
-13679254.2,6314212.091,842,"BRUNETTE AVE, BRAID ST",508530.25,5453183.518,INT673
-13682431.86,6309556.34,843,"AGNES ST, SEVENTH ST",506455.6118,5450143.716,INT278
-13682608.12,6311974.968,844,"FIRST ST, PRINCESS ST",506338.4591,5451721.476,INT142
-13687353.97,6305537.358,845,"PHILLIPS ST, CANIL AVE",503236.3134,5447517.941,INT11
-13684212.71,6307981.085,846,"FURNESS ST, DUNCAN ST",505291.28,5449114.55,INT798
-13684496.83,6309386.684,847,"FOURTH AVE, FOURTEENTH ST",505104.4761,5450031.601,INT864
-13681312.9,6312912.673,848,"DEVOY ST, ALBERTA ST",507184.9652,5452334.147,INT353
-13686220.57,6308883.622,849,"MARINE WAY, TWENTIETH ST",503976.746,5449702.415,INT534
-13682891.09,6308890.002,850,"COLUMBIA ST, TENTH ST, FRONT ST",506155.5942,5449708.58,INT652
-13685298.39,6307944.943,851,"DUNCAN ST, BOYD ST, DERWENT WAY",504580.7391,5449090.327,INT919
-13683328.88,6311567.95,852,"SEVENTH AVE, FOURTH ST",505867.2391,5451455.45,INT196
-13687008.2,6308538.128,853,MARINE DR,503461.4463,5449476.615,INT973
-13682340,6312813.825,854,"E EIGHTH AVE, SANGSTER PL",506513.2133,5452268.839,INT592
-13683517.68,6310634.154,855,"FIFTH AVE, ASH ST",505744.3653,5450846.143,INT713
-13679791.59,6313610.887,856,"WILSON ST, SHERBROOKE ST",508179.3832,5452790.909,INT542
-13686481.97,6310245.016,857,"TENTH AVE, EIGHTEENTH ST",503805.068,5450590.582,INT833
-13684173.47,6307925.024,858,"EWEN AVE, FURNESS ST",505316.9994,5449077.989,INT30
-13682514.37,6311860.87,859,"SIXTH AVE, FIRST ST",506399.8797,5451647.12,INT417
-13682669.85,6310895.107,860,"FOURTH AVE, OAK ST",506298.8872,5451016.993,INT189
-13684414.91,6309286.179,861,"LEVI ST, FOURTEENTH ST",505158.1487,5449966.071,INT262
-13684165.62,6307912.66,862,"EWEN AVE, FURNESS ST",505322.1423,5449069.925,INT9
-13680898.35,6311352.837,863,"FRANCIS WAY, E ROYAL AVE",507457.4964,5451317.046,INT18
-13681342.61,6310676.523,864,"ROYAL AVE, GRANVILLE ST",507167.4287,5450875.451,INT237
-13685542.44,6307049.536,865,"EWEN AVE, WOOD ST",504421.4801,5448505.816,INT53
-13680664.17,6312234.256,866,GOVERNORS CT,507609.9108,5451892.217,INT507
-13683236.33,6311455.445,867,"PRINCESS ST, FOURTH ST",505927.866,5451382.124,INT195
-13682435.14,6310650.25,868,"THIRD AVE, PINE ST, PEARSON ST",506452.6339,5450857.428,INT187
-13687452.92,6308965.779,869,DUBLIN ST,503170.2477,5449755.502,INT790
-13686909,6306177.473,870,"EWEN AVE, GIFFORD ST",503527.3516,5447935.966,INT66
-13684262.1,6309119.301,871,"THIRD AVE, FOURTEENTH ST",505258.2475,5449857.276,INT665
-13679008.84,6313928.425,872,VULCAN ST,508691.0128,5452998.78,INT36
-13680375.47,6313059.203,873,"E COLUMBIA ST, SIMPSON ST, NELSON CT",507798.0055,5452430.55,INT621
-13683413.33,6310506.727,874,"PRESCOTT ST, ASH ST",505812.7233,5450763.08,INT715
-13684301.21,6310277.588,875,"BOLE ST, MAPLE ST",505231.9363,5450613.003,INT247
-13684272.51,6309125.823,876,"THIRD AVE, FOURTEENTH ST",505251.4337,5449861.525,INT896
-13682204.34,6313773.442,877,"E TENTH AVE, MASSEY ST",506601.2018,5452894.806,INT574
-13683663.9,6309635.146,878,"THIRD AVE, MOWAT ST",505649.3646,5450194.251,INT400
-13684192.64,6309044.669,879,FOURTEENTH ST,505303.75,5449808.62,INT664
-13686378.01,6310118.386,880,"LONDON ST, EIGHTEENTH ST",503873.1459,5450508.012,INT884
-13682417.14,6311742.206,881,"FIRST ST, REGINA ST",506463.5771,5451569.789,INT421
-13684106.78,6308951.482,882,"QUAYSIDE DR, RIALTO CT",505359.9929,5449747.867,INT662
-13682361.87,6310560.62,883,"WARREN AVE, PEARSON ST",506500.6382,5450799.009,INT135
-13681297.79,6311733.144,884,FRANCIS WAY,507195.8521,5451564.785,INT20
-13681221.49,6311655.404,885,"FRANCIS WAY, MEMORIAL DR",507245.832,5451514.139,INT19
-13683144.53,6311343.364,886,"SIXTH AVE, FOURTH ST",505988.0059,5451309.074,INT174
-13687242.18,6305373.889,887,"SALTER ST, PHILLIPS ST",503309.5628,5447411.271,INT914
-13680987.77,6314779.412,888,"E TENTH AVE, RICHMOND ST",507396,5453551.832,INT520
-13684663.64,6311745.327,889,"TENTH AVE, EIGHTH ST",504993.9297,5451570.297,INT128
-13680710.26,6312255.885,890,"MINER ST, GOVERNORS CT",507579.7391,5451906.283,INT504
-13683303.52,6310371.728,891,"FOURTH AVE, ASH ST",505884.6632,5450675.081,INT126
-13682114.34,6313660.981,892,"MASSEY ST, RICKMAN PL",506660.1517,5452821.533,INT570
-13682319.39,6311623.203,893,"FIRST ST, FIFTH AVE",506527.6163,5451492.236,INT422
-13686275.59,6309993.64,894,"DUBLIN ST, EIGHTEENTH ST",503940.2178,5450426.67,INT885
-13684160.19,6310104.021,895,"FIFTH AVE, MAPLE ST",505324.3185,5450499.85,INT249
-13684556.69,6311621.055,896,"EIGHTH ST, LONDON ST",505063.9712,5451489.295,INT127
-13685642.19,6305988.24,897,"SOUTH DYKE RD, CARTER ST",504356.7327,5447813.037,INT808
-13683045.86,6311223.44,898,"REGINA ST, FOURTH ST",506052.6402,5451230.911,INT192
-13685794.83,6307261.548,899,RENNIE PL,504256.1703,5448644.06,INT894
-13680521.09,6314290.286,900,E EIGHTH AVE,507701.63,5453233.29,INT818
-13682265.5,6311557.91,901,"FIRST ST, ELGIN ST",506562.9221,5451449.686,INT689
-13681827.2,6312237.017,902,EDDIE DR,506849.1055,5451893.019,INT627
-13686869.02,6306093.588,903,"GIFFORD ST, ECKERT AVE",503553.562,5447881.227,INT76
-13681140.56,6310421.29,904,"WELLINGTON ST, HASTINGS ST, FIRST ST",507299.8451,5450709.109,INT7
-13687080.08,6308543.795,905,"SEVENTH AVE, MARINE DR, TRAPP RD",503414.402,5449480.284,INT680
-13680509.15,6314270.022,906,"BRAID ST, GRIFFITHS PL",507709.46,5453220.086,INT527
-13683447.37,6309374.189,907,"QUEENS AVE, MOWAT ST",505791.2262,5450024.126,INT402
-13682382.24,6310543.669,908,WARREN AVE,506487.3239,5450787.934,INT444
-13686172.49,6309869.056,909,"EDINBURGH ST, EIGHTEENTH ST",504007.7425,5450345.432,INT886
-13682004.58,6313527.526,910,"CHURCHILL AVE, MASSEY ST",506732.0457,5452734.584,INT568
-13682212.55,6311493.231,911,"FIRST ST, ST. PATRICK ST",506597.6069,5451407.534,INT424
-13684451.09,6311497.989,912,"EIGHTH ST, DUBLIN ST",505133.1256,5451409.08,INT159
-13684896.04,6307461.516,913,"EWEN AVE, DERWENT WAY",504844.3501,5448775.055,INT55
-13682947.78,6311103.951,914,"FIFTH AVE, FOURTH ST",506116.8978,5451153.032,INT191
-13680578.14,6312084.377,915,GOVERNORS CT,507666.3255,5451794.531,INT633
-13683146.85,6310182.361,916,"WALMSLEY ST, ASH ST",505987.3073,5450551.642,INT711
-13680357.21,6314104.061,917,E COLUMBIA ST,507808.9846,5453111.998,INT703
-13682158.48,6311427.611,918,"FIRST ST, OAKLAND ST",506633.0369,5451364.771,INT426
-13682473.24,6309501.228,919,LORNE ST,506428.5813,5450107.725,INT650
-13681007.35,6313632.768,920,"RICHMOND ST, SHERBROOKE ST",507384.196,5452804.056,INT510
-13685912.75,6310715.431,921,"TENTH AVE, FIFTEENTH ST",504177.2786,5450897.758,INT670
-13680756.93,6313381.425,922,"BUCHANAN AVE, HOSPITAL ST",507548.2077,5452640.357,INT325
-13681379.99,6310643.196,923,"ROYAL AVE, COBURG ST",507142.9994,5450853.677,INT491
-13682427.69,6309452.787,924,"LORNE ST, VICTORIA ST",506458.4232,5450076.153,INT649
-13681890.82,6312276.183,925,GLEN CT,506807.4615,5451918.515,INT629
-13681411.82,6312914.431,926,"ALBERTA ST, HARVEY ST",507120.257,5452335.209,INT704
-13681946.52,6312328.015,927,"E SIXTH AVE, GINGER DR",506770.9796,5451952.279,INT598
-13683087.88,6310109.973,928,"THIRD AVE, ASH ST",506025.942,5450504.456,INT40
-13686070.23,6309743.913,929,"EIGHTH AVE, EIGHTEENTH ST",504074.7129,5450263.83,INT746
-13684347.36,6311375.291,930,"EIGHTH ST, EDINBURGH ST",505201.0638,5451329.102,INT160
-13682104.57,6311361.785,931,"FIRST ST, FOURTH AVE",506668.3525,5451321.872,INT430
-13686536.36,6306847.845,932,HIGHWAY 91A,503770.9944,5448373.692,INT49
-13682373.76,6309384.29,933,"CARNARVON ST, LORNE ST",506493.7633,5450031.5,INT729
-13680681.82,6314410.611,934,"GARFIELD ST, BRAID ST",507596.4098,5453311.61,INT524
-13686801.75,6305987.109,935,"GIFFORD ST, BASRAN AVE",503597.6418,5447811.751,INT75
-13680610.65,6314335.795,936,"MCDONALD ST, BRAID ST",507643.019,5453262.886,INT523
-13685715.43,6307134.952,937,CRANE PL,504308.2033,5448561.475,INT895
-13686492.41,6305675.246,938,SPARKS CT,503800.2895,5447608.312,INT807
-13685808.6,6310588.525,939,"LONDON ST, FIFTEENTH ST",504245.4857,5450815.016,INT955
-13681272.74,6310512.747,940,"AGNES ST, COBURG ST",507213.2823,5450768.663,INT698
-13684241.39,6311254.012,941,"EIGHTH AVE, EIGHTH ST",505270.4672,5451250.052,INT161
-13684319.22,6309087.21,942,"THIRD AVE, QUAYSIDE DR",505220.8876,5449836.3,INT952
-13681639.73,6314241.253,943,"E TENTH AVE, LAUREL ST",506970.09,5453200.34,INT618
-13686531.63,6306826.033,944,HIGHWAY 91A,503774.1002,5448359.458,INT50
-13685962.65,6309612.715,945,"HAMILTON ST, EIGHTEENTH ST",504145.1688,5450178.279,INT745
-13681789.4,6313265.692,946,"E EIGHTH AVE, MASSEY ST",506872.9949,5452563.992,INT328
-13680549.73,6314261.654,947,"BRAID ST, E EIGHTH AVE",507682.9267,5453214.592,INT826
-13687070.84,6305122.671,948,"SOUTH DYKE RD, PHILLIPS ST",503421.8335,5447247.341,INT913
-13680216.76,6313924.198,949,"KELLY ST, MAJOR ST",507901.0075,5452994.833,INT693
-13687534.36,6306706.961,950,BOUNDARY RD,503117.7811,5448281.329,INT934
-13682732.75,6310842.438,951,"FOURTH AVE, FOURTH ST",506257.7728,5450982.585,INT193
-13684097.34,6312212.294,952,"TENTH AVE, FIFTH ST",505364.1036,5451875.247,INT156
-13684415.94,6310289.826,953,"SIXTH AVE, ELEVENTH ST",505156.8627,5450620.917,INT393
-13687042.85,6308445.752,954,MARINE WAY,503438.81,5449416.32,INT899
-13685706.46,6310464.09,955,"DUBLIN ST, FIFTEENTH ST",504312.3802,5450733.885,INT840
-13681947.04,6311170.102,956,"FIRST ST, EMORY ST",506771.5668,5451196.952,INT432
-13683961.31,6307590.689,957,"SALTER ST, FURNESS ST",505456.068,5448859.93,INT4
-13687156.76,6309679.394,958,"TENTH AVE, TWENTY-FIRST ST",503363.7697,5450221.253,INT779
-13684133.31,6311124.589,959,"HAMILTON ST, EIGHTH ST",505341.2609,5451165.69,INT154
-13683720.36,6309587.548,960,"THIRD AVE, SHAW ST",505612.4503,5450163.156,INT401
-13685031.38,6309783.485,961,"SIXTH AVE, SHARPE ST",504754.4573,5450290.194,INT273
-13685855.05,6309481.785,962,"SEVENTH AVE, EIGHTEENTH ST",504215.6459,5450092.902,INT888
-13681888.83,6311099.97,963,"FIRST ST, THIRD AVE",506809.7084,5451151.248,INT482
-13682868.51,6309842.028,964,"QUEENS AVE, ASH ST",506169.6768,5450329.793,INT716
-13687105.24,6309616.509,965,"NINTH AVE, TWENTY-FIRST ST",503397.5065,5450180.243,INT721
-13678541.67,6313340.368,966,BRAID ST,508997.1774,5452615.756,INT613
-13681465.36,6312915.377,967,"E SIXTH AVE, ALBERTA ST",507085.2352,5452335.781,INT321
-13681683.78,6313134.601,968,"E DURHAM ST, MASSEY ST",506942.1883,5452478.581,INT327
-13680518.47,6315325.581,969,COLBY ST,507702.4027,5453908.389,INT706
-13686313.06,6308816.683,970,MARINE WAY,503916.2489,5449658.691,INT774
-13679935.13,6313613.603,971,"GARRETT ST, SHERBROOKE ST",508085.4968,5452792.542,INT545
-13686725.2,6305866.553,972,"GIFFORD ST, GALBRAITH AVE",503647.8072,5447733.09,INT73
-13684023.53,6310994.771,973,"SEVENTH AVE, EIGHTH ST",505413.1625,5451081.07,INT152
-13685621.77,6309237.273,974,"STEWARDSON WAY, RIVER DR",504368.4205,5449933.477,INT668
-13685603.66,6310339.011,975,"EDINBURGH ST, FIFTEENTH ST",504379.706,5450652.334,INT954
-13687738.69,6309119.165,976,LONDON PL,502983.1787,5449855.487,INT268
-13682641.34,6312579.758,977,EIGHTH AVE,506316.2808,5452115.941,INT977
-13680269.89,6313055.941,978,"NELSON CT, NELSON CR",507866.8489,5452428.54,INT978
-13684802.18,6310462.09,979,"KELVIN ST, TWELFTH ST",504901.5794,5450730.877,INT979
-13684979.37,6310315.476,980,"KELVIN ST, THIRTEENTH ST",504789.4514,5450638.211,INT980
-13685151.54,6310173.389,981,"KELVIN ST, FOURTEENTH ST",504676.8001,5450545.071,INT981
-13684365.16,6307797.195,982,"CAMATA ST, EWEN AVE",505191.6955,5448994.32,INT982
